0,18.925,-0.010000229,-16.145
0,18.925,-0.010000229,-14.620501
0,18.925,-0.010000229,-13.096001
0.094945356,18.925,-0.010000229,-11.571501
0.28888035,18.925,-0.010000229,-10.047001
0.36918083,18.925,-0.010000229,-8.522501
0.36905035,18.925,-0.010000229,-6.998
0.29232273,18.925,-0.010000229,-5.4735003
0.11885532,18.925,-0.010000229,-3.9490004
0,18.925,-0.010000229,-2.4245005
0,18.925,-0.010000229,-0.9000006
0,18.925,-0.010000229,0.6245003
0,18.925,-0.010000229,2.1490002
0,18.925,-0.010000229,3.6735
0,18.925,-0.010000229,5.198
0,18.925,-0.010000229,6.7225
0,18.925,-0.010000229,8.247
0,18.925,-0.010000229,9.7715
0,18.925,-0.010000229,11.296
0,18.925,-0.010000229,12.820499
0,18.925,-0.010000229,14.344999
0,18.925,1.2059997,-16.145
0,18.925,1.2059997,-14.620501
0,18.925,1.2059997,-13.096001
0,18.925,1.2059997,-11.571501
0.15049943,18.925,1.2059997,-10.047001
0.25070068,18.925,1.2059997,-8.522501
0.2516908,18.925,1.2059997,-6.998
0.15849318,18.925,1.2059997,-5.4735003
0,18.925,1.2059997,-3.9490004
0,18.925,1.2059997,-2.4245005
0,18.925,1.2059997,-0.9000006
0,18.925,1.2059997,0.6245003
0,18.925,1.2059997,2.1490002
0,18.925,1.2059997,3.6735
0,18.925,1.2059997,5.198
0,18.925,1.2059997,6.7225
0,18.925,1.2059997,8.247
0,18.925,1.2059997,9.7715
0,18.925,1.2059997,11.296
0,18.925,1.2059997,12.820499
0,18.925,1.2059997,14.344999
0,18.925,2.4219997,-16.145
0,18.925,2.4219997,-14.620501
0,18.925,2.4219997,-13.096001
0,18.925,2.4219997,-11.571501
0,18.925,2.4219997,-10.047001
0.06688084,18.925,2.4219997,-8.522501
0.07807404,18.925,2.4219997,-6.998
0,18.925,2.4219997,-5.4735003
0,18.925,2.4219997,-3.9490004
0,18.925,2.4219997,-2.4245005
0,18.925,2.4219997,-0.9000006
0,18.925,2.4219997,0.6245003
0,18.925,2.4219997,2.1490002
0,18.925,2.4219997,3.6735
0,18.925,2.4219997,5.198
0,18.925,2.4219997,6.7225
0,18.925,2.4219997,8.247
0,18.925,2.4219997,9.7715
0,18.925,2.4219997,11.296
0,18.925,2.4219997,12.820499
0,18.925,2.4219997,14.344999
0,18.925,3.6379995,-16.145
0,18.925,3.6379995,-14.620501
0,18.925,3.6379995,-13.096001
0,18.925,3.6379995,-11.571501
0,18.925,3.6379995,-10.047001
0,18.925,3.6379995,-8.522501
0,18.925,3.6379995,-6.998
0,18.925,3.6379995,-5.4735003
0,18.925,3.6379995,-3.9490004
0,18.925,3.6379995,-2.4245005
0,18.925,3.6379995,-0.9000006
0,18.925,3.6379995,0.6245003
0,18.925,3.6379995,2.1490002
0,18.925,3.6379995,3.6735
0,18.925,3.6379995,5.198
0,18.925,3.6379995,6.7225
0,18.925,3.6379995,8.247
0,18.925,3.6379995,9.7715
0,18.925,3.6379995,11.296
0,18.925,3.6379995,12.820499
0,18.925,3.6379995,14.344999
0,18.925,4.8539996,-16.145
0,18.925,4.8539996,-14.620501
0,18.925,4.8539996,-13.096001
0,18.925,4.8539996,-11.571501
0,18.925,4.8539996,-10.047001
0,18.925,4.8539996,-8.522501
0,18.925,4.8539996,-6.998
0,18.925,4.8539996,-5.4735003
0,18.925,4.8539996,-3.9490004
0,18.925,4.8539996,-2.4245005
0,18.925,4.8539996,-0.9000006
0,18.925,4.8539996,0.6245003
0,18.925,4.8539996,2.1490002
0,18.925,4.8539996,3.6735
0,18.925,4.8539996,5.198
0,18.925,4.8539996,6.7225
0,18.925,4.8539996,8.247
0,18.925,4.8539996,9.7715
0,18.925,4.8539996,11.296
0,18.925,4.8539996,12.820499
0,18.925,4.8539996,14.344999
0,18.925,6.0699997,-16.145
0,18.925,6.0699997,-14.620501
0,18.925,6.0699997,-13.096001
0,18.925,6.0699997,-11.571501
0,18.925,6.0699997,-10.047001
0,18.925,6.0699997,-8.522501
0,18.925,6.0699997,-6.998
0,18.925,6.0699997,-5.4735003
0,18.925,6.0699997,-3.9490004
0,18.925,6.0699997,-2.4245005
0,18.925,6.0699997,-0.9000006
0,18.925,6.0699997,0.6245003
0,18.925,6.0699997,2.1490002
0,18.925,6.0699997,3.6735
0,18.925,6.0699997,5.198
0,18.925,6.0699997,6.7225
0,18.925,6.0699997,8.247
0,18.925,6.0699997,9.7715
0,18.925,6.0699997,11.296
0,18.925,6.0699997,12.820499
0,18.925,6.0699997,14.344999
0,18.925,7.2859993,-16.145
0,18.925,7.2859993,-14.620501
0,18.925,7.2859993,-13.096001
0,18.925,7.2859993,-11.571501
0,18.925,7.2859993,-10.047001
0,18.925,7.2859993,-8.522501
0,18.925,7.2859993,-6.998
0,18.925,7.2859993,-5.4735003
0,18.925,7.2859993,-3.9490004
0,18.925,7.2859993,-2.4245005
0,18.925,7.2859993,-0.9000006
0,18.925,7.2859993,0.6245003
0,18.925,7.2859993,2.1490002
0,18.925,7.2859993,3.6735
0,18.925,7.2859993,5.198
0,18.925,7.2859993,6.7225
0,18.925,7.2859993,8.247
0,18.925,7.2859993,9.7715
0,18.925,7.2859993,11.296
0,18.925,7.2859993,12.820499
0,18.925,7.2859993,14.344999
0,18.925,8.502,-16.145
0,18.925,8.502,-14.620501
0,18.925,8.502,-13.096001
0,18.925,8.502,-11.571501
0,18.925,8.502,-10.047001
0,18.925,8.502,-8.522501
0,18.925,8.502,-6.998
0,18.925,8.502,-5.4735003
0,18.925,8.502,-3.9490004
0,18.925,8.502,-2.4245005
0,18.925,8.502,-0.9000006
0,18.925,8.502,0.6245003
0,18.925,8.502,2.1490002
0,18.925,8.502,3.6735
0,18.925,8.502,5.198
0,18.925,8.502,6.7225
0,18.925,8.502,8.247
0,18.925,8.502,9.7715
0,18.925,8.502,11.296
0,18.925,8.502,12.820499
0,18.925,8.502,14.344999
0,18.925,9.717999,-16.145
0,18.925,9.717999,-14.620501
0,18.925,9.717999,-13.096001
0,18.925,9.717999,-11.571501
0,18.925,9.717999,-10.047001
0,18.925,9.717999,-8.522501
0,18.925,9.717999,-6.998
0,18.925,9.717999,-5.4735003
0,18.925,9.717999,-3.9490004
0,18.925,9.717999,-2.4245005
0,18.925,9.717999,-0.9000006
0,18.925,9.717999,0.6245003
0,18.925,9.717999,2.1490002
0,18.925,9.717999,3.6735
0,18.925,9.717999,5.198
0,18.925,9.717999,6.7225
0,18.925,9.717999,8.247
0,18.925,9.717999,9.7715
0,18.925,9.717999,11.296
0,18.925,9.717999,12.820499
0,18.925,9.717999,14.344999
0,18.925,10.933999,-16.145
0,18.925,10.933999,-14.620501
0,18.925,10.933999,-13.096001
0,18.925,10.933999,-11.571501
0,18.925,10.933999,-10.047001
0,18.925,10.933999,-8.522501
0,18.925,10.933999,-6.998
0,18.925,10.933999,-5.4735003
0,18.925,10.933999,-3.9490004
0,18.925,10.933999,-2.4245005
0,18.925,10.933999,-0.9000006
0,18.925,10.933999,0.6245003
0,18.925,10.933999,2.1490002
0,18.925,10.933999,3.6735
0,18.925,10.933999,5.198
0,18.925,10.933999,6.7225
0,18.925,10.933999,8.247
0,18.925,10.933999,9.7715
0,18.925,10.933999,11.296
0,18.925,10.933999,12.820499
0,18.925,10.933999,14.344999
0,18.925,12.15,-16.145
0,18.925,12.15,-14.620501
0,18.925,12.15,-13.096001
0,18.925,12.15,-11.571501
0,18.925,12.15,-10.047001
0,18.925,12.15,-8.522501
0,18.925,12.15,-6.998
0,18.925,12.15,-5.4735003
0,18.925,12.15,-3.9490004
0,18.925,12.15,-2.4245005
0,18.925,12.15,-0.9000006
0,18.925,12.15,0.6245003
0,18.925,12.15,2.1490002
0,18.925,12.15,3.6735
0,18.925,12.15,5.198
0,18.925,12.15,6.7225
0,18.925,12.15,8.247
0,18.925,12.15,9.7715
0,18.925,12.15,11.296
0,18.925,12.15,12.820499
0,18.925,12.15,14.344999
0,18.925,13.365999,-16.145
0,18.925,13.365999,-14.620501
0,18.925,13.365999,-13.096001
0,18.925,13.365999,-11.571501
0,18.925,13.365999,-10.047001
0,18.925,13.365999,-8.522501
0,18.925,13.365999,-6.998
0,18.925,13.365999,-5.4735003
0,18.925,13.365999,-3.9490004
0,18.925,13.365999,-2.4245005
0,18.925,13.365999,-0.9000006
0,18.925,13.365999,0.6245003
0,18.925,13.365999,2.1490002
0,18.925,13.365999,3.6735
0,18.925,13.365999,5.198
0.039299224,18.925,13.365999,6.7225
0.09860773,18.925,13.365999,8.247
0.114508264,18.925,13.365999,9.7715
0.09140782,18.925,13.365999,11.296
0.036003526,18.925,13.365999,12.820499
0,18.925,13.365999,14.344999
0,18.925,14.581999,-16.145
0,18.925,14.581999,-14.620501
0,18.925,14.581999,-13.096001
0,18.925,14.581999,-11.571501
0,18.925,14.581999,-10.047001
0,18.925,14.581999,-8.522501
0,18.925,14.581999,-6.998
0,18.925,14.581999,-5.4735003
0,18.925,14.581999,-3.9490004
0,18.925,14.581999,-2.4245005
0,18.925,14.581999,-0.9000006
0,18.925,14.581999,0.6245003
0,18.925,14.581999,2.1490002
0,18.925,14.581999,3.6735
0.033769567,18.925,14.581999,5.198
0.14566272,18.925,14.581999,6.7225
0.2058748,18.925,14.581999,8.247
0.2194268,18.925,14.581999,9.7715
0.19168282,18.925,14.581999,11.296
0.12832175,18.925,14.581999,12.820499
0.04090027,18.925,14.581999,14.344999
0,18.925,15.797999,-16.145
0,18.925,15.797999,-14.620501
0,18.925,15.797999,-13.096001
0,18.925,15.797999,-11.571501
0,18.925,15.797999,-10.047001
0,18.925,15.797999,-8.522501
0,18.925,15.797999,-6.998
0,18.925,15.797999,-5.4735003
0,18.925,15.797999,-3.9490004
0,18.925,15.797999,-2.4245005
0,18.925,15.797999,-0.9000006
0,18.925,15.797999,0.6245003
0,18.925,15.797999,2.1490002
0,18.925,15.797999,3.6735
0.06796917,18.925,15.797999,5.198
0.19001035,18.925,15.797999,6.7225
0.25591975,18.925,15.797999,8.247
0.27334252,18.925,15.797999,9.7715
0.24888861,18.925,15.797999,11.296
0.18743433,18.925,15.797999,12.820499
0.09908887,18.925,15.797999,14.344999
0,18.925,17.014,-16.145
0,18.925,17.014,-14.620501
0,18.925,17.014,-13.096001
0,18.925,17.014,-11.571501
0,18.925,17.014,-10.047001
0,18.925,17.014,-8.522501
0,18.925,17.014,-6.998
0,18.925,17.014,-5.4735003
0,18.925,17.014,-3.9490004
0,18.925,17.014,-2.4245005
0,18.925,17.014,-0.9000006
0,18.925,17.014,0.6245003
0,18.925,17.014,2.1490002
0,18.925,17.014,3.6735
0.028266843,18.925,17.014,5.198
0.16803147,18.925,17.014,6.7225
0.24819708,18.925,17.014,8.247
0.27693668,18.925,17.014,9.7715
0.26256743,18.925,17.014,11.296
0.21085785,18.925,17.014,12.820499
0.1310565,18.925,17.014,14.344999
0,18.925,18.23,-16.145
0,18.925,18.23,-14.620501
0,18.925,18.23,-13.096001
0,18.925,18.23,-11.571501
0,18.925,18.23,-10.047001
0,18.925,18.23,-8.522501
0,18.925,18.23,-6.998
0,18.925,18.23,-5.4735003
0,18.925,18.23,-3.9490004
0,18.925,18.23,-2.4245005
0,18.925,18.23,-0.9000006
0,18.925,18.23,0.6245003
0,18.925,18.23,2.1490002
0,18.925,18.23,3.6735
0,18.925,18.23,5.198
0.13883944,18.925,18.23,6.7225
0.2328151,18.925,18.23,8.247
0.27429554,18.925,18.23,9.7715
0.2727191,18.925,18.23,11.296
0.23511937,18.925,18.23,12.820499
0.17008607,18.925,18.23,14.344999
0,18.925,19.446,-16.145
0,18.925,19.446,-14.620501
0,18.925,19.446,-13.096001
0,18.925,19.446,-11.571501
0,18.925,19.446,-10.047001
0,18.925,19.446,-8.522501
0,18.925,19.446,-6.998
0,18.925,19.446,-5.4735003
0,18.925,19.446,-3.9490004
0,18.925,19.446,-2.4245005
0,18.925,19.446,-0.9000006
0,18.925,19.446,0.6245003
0,18.925,19.446,2.1490002
0,18.925,19.446,3.6735
0,18.925,19.446,5.198
0.12181568,18.925,19.446,6.7225
0.2246848,18.925,19.446,8.247
0.2767837,18.925,19.446,9.7715
0.2876994,18.925,19.446,11.296
0.26536003,18.925,19.446,12.820499
0.21778281,18.925,19.446,14.344999
0,18.925,20.661999,-16.145
0,18.925,20.661999,-14.620501
0,18.925,20.661999,-13.096001
0,18.925,20.661999,-11.571501
0,18.925,20.661999,-10.047001
0,18.925,20.661999,-8.522501
0,18.925,20.661999,-6.998
0,18.925,20.661999,-5.4735003
0,18.925,20.661999,-3.9490004
0,18.925,20.661999,-2.4245005
0,18.925,20.661999,-0.9000006
0,18.925,20.661999,0.6245003
0,18.925,20.661999,2.1490002
0,18.925,20.661999,3.6735
0,18.925,20.661999,5.198
0.1108396,18.925,20.661999,6.7225
0.21785864,18.925,20.661999,8.247
0.2781771,18.925,20.661999,9.7715
0.30043924,18.925,20.661999,11.296
0.29282793,18.925,20.661999,12.820499
0.26292527,18.925,20.661999,14.344999
0,18.925,21.877998,-16.145
0,18.925,21.877998,-14.620501
0,18.925,21.877998,-13.096001
0,18.925,21.877998,-11.571501
0,18.925,21.877998,-10.047001
0,18.925,21.877998,-8.522501
0,18.925,21.877998,-6.998
0,18.925,21.877998,-5.4735003
0,18.925,21.877998,-3.9490004
0,18.925,21.877998,-2.4245005
0,18.925,21.877998,-0.9000006
0,18.925,21.877998,0.6245003
0,18.925,21.877998,2.1490002
0,18.925,21.877998,3.6735
0,18.925,21.877998,5.198
0.10029498,18.925,21.877998,6.7225
0.20719294,18.925,21.877998,8.247
0.27348027,18.925,21.877998,9.7715
0.30581325,18.925,21.877998,11.296
0.3117183,18.925,21.877998,12.820499
0.29823375,18.925,21.877998,14.344999
0,18.925,23.094,-16.145
0,18.925,23.094,-14.620501
0,18.925,23.094,-13.096001
0,18.925,23.094,-11.571501
0,18.925,23.094,-10.047001
0,18.925,23.094,-8.522501
0,18.925,23.094,-6.998
0,18.925,23.094,-5.4735003
0,18.925,23.094,-3.9490004
0,18.925,23.094,-2.4245005
0,18.925,23.094,-0.9000006
0,18.925,23.094,0.6245003
0,18.925,23.094,2.1490002
0,18.925,23.094,3.6735
0,18.925,23.094,5.198
0.085352756,18.925,23.094,6.7225
0.18837178,18.925,23.094,8.247
0.25863817,18.925,23.094,9.7715
0.3000529,18.925,23.094,11.296
0.31844446,18.925,23.094,12.820499
0.31980234,18.925,23.094,14.344999
0,18.925,24.31,-16.145
0,18.925,24.31,-14.620501
0,18.925,24.31,-13.096001
0,18.925,24.31,-11.571501
0,18.925,24.31,-10.047001
0,18.925,24.31,-8.522501
0,18.925,24.31,-6.998
0,18.925,24.31,-5.4735003
0,18.925,24.31,-3.9490004
0,18.925,24.31,-2.4245005
0,18.925,24.31,-0.9000006
0,18.925,24.31,0.6245003
0,18.925,24.31,2.1490002
0,18.925,24.31,3.6735
0,18.925,24.31,5.198
0.06197857,18.925,24.31,6.7225
0.15774173,18.925,24.31,8.247
0.23011303,18.925,24.31,9.7715
0.27994892,18.925,24.31,11.296
0.31044808,18.925,24.31,12.820499
0.3257061,18.925,24.31,14.344999
0,-18.925,-0.010000229,-16.145
0,-18.925,-0.010000229,-14.620501
0,-18.925,-0.010000229,-13.096001
0,-18.925,-0.010000229,-11.571501
0,-18.925,-0.010000229,-10.047001
0,-18.925,-0.010000229,-8.522501
0,-18.925,-0.010000229,-6.998
0,-18.925,-0.010000229,-5.4735003
0,-18.925,-0.010000229,-3.9490004
0,-18.925,-0.010000229,-2.4245005
0,-18.925,-0.010000229,-0.9000006
0,-18.925,-0.010000229,0.6245003
0,-18.925,-0.010000229,2.1490002
0,-18.925,-0.010000229,3.6735
0,-18.925,-0.010000229,5.198
0,-18.925,-0.010000229,6.7225
0,-18.925,-0.010000229,8.247
0,-18.925,-0.010000229,9.7715
0,-18.925,-0.010000229,11.296
0,-18.925,-0.010000229,12.820499
0,-18.925,-0.010000229,14.344999
0,-18.925,1.2059997,-16.145
0,-18.925,1.2059997,-14.620501
0,-18.925,1.2059997,-13.096001
0,-18.925,1.2059997,-11.571501
0,-18.925,1.2059997,-10.047001
0,-18.925,1.2059997,-8.522501
0,-18.925,1.2059997,-6.998
0,-18.925,1.2059997,-5.4735003
0,-18.925,1.2059997,-3.9490004
0,-18.925,1.2059997,-2.4245005
0,-18.925,1.2059997,-0.9000006
0,-18.925,1.2059997,0.6245003
0,-18.925,1.2059997,2.1490002
0,-18.925,1.2059997,3.6735
0,-18.925,1.2059997,5.198
0,-18.925,1.2059997,6.7225
0,-18.925,1.2059997,8.247
0,-18.925,1.2059997,9.7715
0,-18.925,1.2059997,11.296
0,-18.925,1.2059997,12.820499
0,-18.925,1.2059997,14.344999
0,-18.925,2.4219997,-16.145
0,-18.925,2.4219997,-14.620501
0,-18.925,2.4219997,-13.096001
0,-18.925,2.4219997,-11.571501
0,-18.925,2.4219997,-10.047001
0,-18.925,2.4219997,-8.522501
0,-18.925,2.4219997,-6.998
0,-18.925,2.4219997,-5.4735003
0,-18.925,2.4219997,-3.9490004
0,-18.925,2.4219997,-2.4245005
0,-18.925,2.4219997,-0.9000006
0,-18.925,2.4219997,0.6245003
0,-18.925,2.4219997,2.1490002
0,-18.925,2.4219997,3.6735
0,-18.925,2.4219997,5.198
0,-18.925,2.4219997,6.7225
0,-18.925,2.4219997,8.247
0,-18.925,2.4219997,9.7715
0,-18.925,2.4219997,11.296
0,-18.925,2.4219997,12.820499
0,-18.925,2.4219997,14.344999
0,-18.925,3.6379995,-16.145
0,-18.925,3.6379995,-14.620501
0,-18.925,3.6379995,-13.096001
0,-18.925,3.6379995,-11.571501
0,-18.925,3.6379995,-10.047001
0,-18.925,3.6379995,-8.522501
0,-18.925,3.6379995,-6.998
0,-18.925,3.6379995,-5.4735003
0,-18.925,3.6379995,-3.9490004
0,-18.925,3.6379995,-2.4245005
0,-18.925,3.6379995,-0.9000006
0,-18.925,3.6379995,0.6245003
0,-18.925,3.6379995,2.1490002
0,-18.925,3.6379995,3.6735
0,-18.925,3.6379995,5.198
0,-18.925,3.6379995,6.7225
0,-18.925,3.6379995,8.247
0,-18.925,3.6379995,9.7715
0,-18.925,3.6379995,11.296
0,-18.925,3.6379995,12.820499
0,-18.925,3.6379995,14.344999
0,-18.925,4.8539996,-16.145
0,-18.925,4.8539996,-14.620501
0,-18.925,4.8539996,-13.096001
0,-18.925,4.8539996,-11.571501
0,-18.925,4.8539996,-10.047001
0,-18.925,4.8539996,-8.522501
0,-18.925,4.8539996,-6.998
0,-18.925,4.8539996,-5.4735003
0,-18.925,4.8539996,-3.9490004
0,-18.925,4.8539996,-2.4245005
0,-18.925,4.8539996,-0.9000006
0,-18.925,4.8539996,0.6245003
0,-18.925,4.8539996,2.1490002
0,-18.925,4.8539996,3.6735
0,-18.925,4.8539996,5.198
0,-18.925,4.8539996,6.7225
0,-18.925,4.8539996,8.247
0,-18.925,4.8539996,9.7715
0,-18.925,4.8539996,11.296
0,-18.925,4.8539996,12.820499
0,-18.925,4.8539996,14.344999
0,-18.925,6.0699997,-16.145
0,-18.925,6.0699997,-14.620501
0,-18.925,6.0699997,-13.096001
0,-18.925,6.0699997,-11.571501
0,-18.925,6.0699997,-10.047001
0,-18.925,6.0699997,-8.522501
0,-18.925,6.0699997,-6.998
0,-18.925,6.0699997,-5.4735003
0,-18.925,6.0699997,-3.9490004
0,-18.925,6.0699997,-2.4245005
0,-18.925,6.0699997,-0.9000006
0,-18.925,6.0699997,0.6245003
0,-18.925,6.0699997,2.1490002
0,-18.925,6.0699997,3.6735
0,-18.925,6.0699997,5.198
0,-18.925,6.0699997,6.7225
0,-18.925,6.0699997,8.247
0,-18.925,6.0699997,9.7715
0,-18.925,6.0699997,11.296
0,-18.925,6.0699997,12.820499
0,-18.925,6.0699997,14.344999
0,-18.925,7.2859993,-16.145
0,-18.925,7.2859993,-14.620501
0,-18.925,7.2859993,-13.096001
0,-18.925,7.2859993,-11.571501
0,-18.925,7.2859993,-10.047001
0,-18.925,7.2859993,-8.522501
0,-18.925,7.2859993,-6.998
0,-18.925,7.2859993,-5.4735003
0,-18.925,7.2859993,-3.9490004
0,-18.925,7.2859993,-2.4245005
0,-18.925,7.2859993,-0.9000006
0,-18.925,7.2859993,0.6245003
0,-18.925,7.2859993,2.1490002
0,-18.925,7.2859993,3.6735
0,-18.925,7.2859993,5.198
0,-18.925,7.2859993,6.7225
0,-18.925,7.2859993,8.247
0,-18.925,7.2859993,9.7715
0,-18.925,7.2859993,11.296
0,-18.925,7.2859993,12.820499
0,-18.925,7.2859993,14.344999
0,-18.925,8.502,-16.145
0,-18.925,8.502,-14.620501
0,-18.925,8.502,-13.096001
0,-18.925,8.502,-11.571501
0,-18.925,8.502,-10.047001
0,-18.925,8.502,-8.522501
0,-18.925,8.502,-6.998
0,-18.925,8.502,-5.4735003
0,-18.925,8.502,-3.9490004
0,-18.925,8.502,-2.4245005
0,-18.925,8.502,-0.9000006
0,-18.925,8.502,0.6245003
0,-18.925,8.502,2.1490002
0,-18.925,8.502,3.6735
0,-18.925,8.502,5.198
0,-18.925,8.502,6.7225
0,-18.925,8.502,8.247
0,-18.925,8.502,9.7715
0,-18.925,8.502,11.296
0,-18.925,8.502,12.820499
0,-18.925,8.502,14.344999
0,-18.925,9.717999,-16.145
0,-18.925,9.717999,-14.620501
0,-18.925,9.717999,-13.096001
0,-18.925,9.717999,-11.571501
0,-18.925,9.717999,-10.047001
0,-18.925,9.717999,-8.522501
0,-18.925,9.717999,-6.998
0,-18.925,9.717999,-5.4735003
0,-18.925,9.717999,-3.9490004
0,-18.925,9.717999,-2.4245005
0,-18.925,9.717999,-0.9000006
0,-18.925,9.717999,0.6245003
0,-18.925,9.717999,2.1490002
0,-18.925,9.717999,3.6735
0,-18.925,9.717999,5.198
0,-18.925,9.717999,6.7225
0,-18.925,9.717999,8.247
0,-18.925,9.717999,9.7715
0,-18.925,9.717999,11.296
0,-18.925,9.717999,12.820499
0,-18.925,9.717999,14.344999
0,-18.925,10.933999,-16.145
0,-18.925,10.933999,-14.620501
0,-18.925,10.933999,-13.096001
0,-18.925,10.933999,-11.571501
0,-18.925,10.933999,-10.047001
0,-18.925,10.933999,-8.522501
0,-18.925,10.933999,-6.998
0,-18.925,10.933999,-5.4735003
0,-18.925,10.933999,-3.9490004
0,-18.925,10.933999,-2.4245005
0,-18.925,10.933999,-0.9000006
0,-18.925,10.933999,0.6245003
0,-18.925,10.933999,2.1490002
0,-18.925,10.933999,3.6735
0,-18.925,10.933999,5.198
0,-18.925,10.933999,6.7225
0,-18.925,10.933999,8.247
0,-18.925,10.933999,9.7715
0,-18.925,10.933999,11.296
0,-18.925,10.933999,12.820499
0,-18.925,10.933999,14.344999
0,-18.925,12.15,-16.145
0,-18.925,12.15,-14.620501
0,-18.925,12.15,-13.096001
0,-18.925,12.15,-11.571501
0,-18.925,12.15,-10.047001
0,-18.925,12.15,-8.522501
0,-18.925,12.15,-6.998
0,-18.925,12.15,-5.4735003
0,-18.925,12.15,-3.9490004
0,-18.925,12.15,-2.4245005
0,-18.925,12.15,-0.9000006
0,-18.925,12.15,0.6245003
0,-18.925,12.15,2.1490002
0,-18.925,12.15,3.6735
0,-18.925,12.15,5.198
0.019925173,-18.925,12.15,6.7225
0.02062045,-18.925,12.15,8.247
0,-18.925,12.15,9.7715
0,-18.925,12.15,11.296
0,-18.925,12.15,12.820499
0,-18.925,12.15,14.344999
0,-18.925,13.365999,-16.145
0,-18.925,13.365999,-14.620501
0,-18.925,13.365999,-13.096001
0,-18.925,13.365999,-11.571501
0,-18.925,13.365999,-10.047001
0,-18.925,13.365999,-8.522501
0,-18.925,13.365999,-6.998
0,-18.925,13.365999,-5.4735003
0,-18.925,13.365999,-3.9490004
0,-18.925,13.365999,-2.4245005
0,-18.925,13.365999,-0.9000006
0,-18.925,13.365999,0.6245003
0,-18.925,13.365999,2.1490002
0,-18.925,13.365999,3.6735
0.034194194,-18.925,13.365999,5.198
0.075986,-18.925,13.365999,6.7225
0.07553145,-18.925,13.365999,8.247
0.032289606,-18.925,13.365999,9.7715
0,-18.925,13.365999,11.296
0,-18.925,13.365999,12.820499
0,-18.925,13.365999,14.344999
0,-18.925,14.581999,-16.145
0,-18.925,14.581999,-14.620501
0,-18.925,14.581999,-13.096001
0,-18.925,14.581999,-11.571501
0,-18.925,14.581999,-10.047001
0,-18.925,14.581999,-8.522501
0,-18.925,14.581999,-6.998
0,-18.925,14.581999,-5.4735003
0,-18.925,14.581999,-3.9490004
0,-18.925,14.581999,-2.4245005
0,-18.925,14.581999,-0.9000006
0,-18.925,14.581999,0.6245003
0,-18.925,14.581999,2.1490002
0,-18.925,14.581999,3.6735
0.06132193,-18.925,14.581999,5.198
0.09882219,-18.925,14.581999,6.7225
0.09064069,-18.925,14.581999,8.247
0.0363478,-18.925,14.581999,9.7715
0,-18.925,14.581999,11.296
0,-18.925,14.581999,12.820499
0,-18.925,14.581999,14.344999
0,-18.925,15.797999,-16.145
0,-18.925,15.797999,-14.620501
0,-18.925,15.797999,-13.096001
0,-18.925,15.797999,-11.571501
0,-18.925,15.797999,-10.047001
0,-18.925,15.797999,-8.522501
0,-18.925,15.797999,-6.998
0,-18.925,15.797999,-5.4735003
0,-18.925,15.797999,-3.9490004
0,-18.925,15.797999,-2.4245005
0,-18.925,15.797999,-0.9000006
0,-18.925,15.797999,0.6245003
0,-18.925,15.797999,2.1490002
0,-18.925,15.797999,3.6735
0.064291015,-18.925,15.797999,5.198
0.089771226,-18.925,15.797999,6.7225
0.06604394,-18.925,15.797999,8.247
0,-18.925,15.797999,9.7715
0,-18.925,15.797999,11.296
0,-18.925,15.797999,12.820499
0,-18.925,15.797999,14.344999
0,-18.925,17.014,-16.145
0,-18.925,17.014,-14.620501
0,-18.925,17.014,-13.096001
0,-18.925,17.014,-11.571501
0,-18.925,17.014,-10.047001
0,-18.925,17.014,-8.522501
0,-18.925,17.014,-6.998
0,-18.925,17.014,-5.4735003
0,-18.925,17.014,-3.9490004
0,-18.925,17.014,-2.4245005
0,-18.925,17.014,-0.9000006
0,-18.925,17.014,0.6245003
0,-18.925,17.014,2.1490002
0,-18.925,17.014,3.6735
0.04431948,-18.925,17.014,5.198
0.048538495,-18.925,17.014,6.7225
0,-18.925,17.014,8.247
0,-18.925,17.014,9.7715
0,-18.925,17.014,11.296
0,-18.925,17.014,12.820499
0,-18.925,17.014,14.344999
0,-18.925,18.23,-16.145
0,-18.925,18.23,-14.620501
0,-18.925,18.23,-13.096001
0,-18.925,18.23,-11.571501
0,-18.925,18.23,-10.047001
0,-18.925,18.23,-8.522501
0,-18.925,18.23,-6.998
0,-18.925,18.23,-5.4735003
0,-18.925,18.23,-3.9490004
0,-18.925,18.23,-2.4245005
0,-18.925,18.23,-0.9000006
0,-18.925,18.23,0.6245003
0,-18.925,18.23,2.1490002
0,-18.925,18.23,3.6735
0,-18.925,18.23,5.198
0,-18.925,18.23,6.7225
0,-18.925,18.23,8.247
0,-18.925,18.23,9.7715
0,-18.925,18.23,11.296
0,-18.925,18.23,12.820499
0,-18.925,18.23,14.344999
0,-18.925,19.446,-16.145
0,-18.925,19.446,-14.620501
0,-18.925,19.446,-13.096001
0,-18.925,19.446,-11.571501
0,-18.925,19.446,-10.047001
0,-18.925,19.446,-8.522501
0,-18.925,19.446,-6.998
0,-18.925,19.446,-5.4735003
0,-18.925,19.446,-3.9490004
0,-18.925,19.446,-2.4245005
0,-18.925,19.446,-0.9000006
0,-18.925,19.446,0.6245003
0,-18.925,19.446,2.1490002
0,-18.925,19.446,3.6735
0,-18.925,19.446,5.198
0,-18.925,19.446,6.7225
0,-18.925,19.446,8.247
0,-18.925,19.446,9.7715
0,-18.925,19.446,11.296
0,-18.925,19.446,12.820499
0,-18.925,19.446,14.344999
0,-18.925,20.661999,-16.145
0,-18.925,20.661999,-14.620501
0,-18.925,20.661999,-13.096001
0,-18.925,20.661999,-11.571501
0,-18.925,20.661999,-10.047001
0,-18.925,20.661999,-8.522501
0,-18.925,20.661999,-6.998
0,-18.925,20.661999,-5.4735003
0,-18.925,20.661999,-3.9490004
0,-18.925,20.661999,-2.4245005
0,-18.925,20.661999,-0.9000006
0,-18.925,20.661999,0.6245003
0,-18.925,20.661999,2.1490002
0,-18.925,20.661999,3.6735
0,-18.925,20.661999,5.198
0,-18.925,20.661999,6.7225
0,-18.925,20.661999,8.247
0,-18.925,20.661999,9.7715
0,-18.925,20.661999,11.296
0,-18.925,20.661999,12.820499
0,-18.925,20.661999,14.344999
0,-18.925,21.877998,-16.145
0,-18.925,21.877998,-14.620501
0,-18.925,21.877998,-13.096001
0,-18.925,21.877998,-11.571501
0,-18.925,21.877998,-10.047001
0,-18.925,21.877998,-8.522501
0,-18.925,21.877998,-6.998
0,-18.925,21.877998,-5.4735003
0,-18.925,21.877998,-3.9490004
0,-18.925,21.877998,-2.4245005
0,-18.925,21.877998,-0.9000006
0,-18.925,21.877998,0.6245003
0,-18.925,21.877998,2.1490002
0,-18.925,21.877998,3.6735
0,-18.925,21.877998,5.198
0,-18.925,21.877998,6.7225
0,-18.925,21.877998,8.247
0,-18.925,21.877998,9.7715
0,-18.925,21.877998,11.296
0,-18.925,21.877998,12.820499
0,-18.925,21.877998,14.344999
0,-18.925,23.094,-16.145
0,-18.925,23.094,-14.620501
0,-18.925,23.094,-13.096001
0,-18.925,23.094,-11.571501
0,-18.925,23.094,-10.047001
0,-18.925,23.094,-8.522501
0,-18.925,23.094,-6.998
0,-18.925,23.094,-5.4735003
0,-18.925,23.094,-3.9490004
0,-18.925,23.094,-2.4245005
0,-18.925,23.094,-0.9000006
0,-18.925,23.094,0.6245003
0,-18.925,23.094,2.1490002
0,-18.925,23.094,3.6735
0,-18.925,23.094,5.198
0,-18.925,23.094,6.7225
0,-18.925,23.094,8.247
0,-18.925,23.094,9.7715
0,-18.925,23.094,11.296
0,-18.925,23.094,12.820499
0,-18.925,23.094,14.344999
0.18685594,-18.925,24.31,-16.145
0.17619102,-18.925,24.31,-14.620501
0.15224022,-18.925,24.31,-13.096001
0.113791905,-18.925,24.31,-11.571501
0.060331166,-18.925,24.31,-10.047001
0,-18.925,24.31,-8.522501
0,-18.925,24.31,-6.998
0,-18.925,24.31,-5.4735003
0,-18.925,24.31,-3.9490004
0,-18.925,24.31,-2.4245005
0,-18.925,24.31,-0.9000006
0,-18.925,24.31,0.6245003
0,-18.925,24.31,2.1490002
0,-18.925,24.31,3.6735
0,-18.925,24.31,5.198
0,-18.925,24.31,6.7225
0,-18.925,24.31,8.247
0,-18.925,24.31,9.7715
0,-18.925,24.31,11.296
0,-18.925,24.31,12.820499
0,-18.925,24.31,14.344999
0.18685594,-18.925,24.31,-16.145
0.17619102,-18.925,24.31,-14.620501
0.15224022,-18.925,24.31,-13.096001
0.113791905,-18.925,24.31,-11.571501
0.060331166,-18.925,24.31,-10.047001
0,-18.925,24.31,-8.522501
0,-18.925,24.31,-6.998
0,-18.925,24.31,-5.4735003
0,-18.925,24.31,-3.9490004
0,-18.925,24.31,-2.4245005
0,-18.925,24.31,-0.9000006
0,-18.925,24.31,0.6245003
0,-18.925,24.31,2.1490002
0,-18.925,24.31,3.6735
0,-18.925,24.31,5.198
0,-18.925,24.31,6.7225
0,-18.925,24.31,8.247
0,-18.925,24.31,9.7715
0,-18.925,24.31,11.296
0,-18.925,24.31,12.820499
0,-18.925,24.31,14.344999
0.030513609,-17.0325,24.31,-16.145
0.016454415,-17.0325,24.31,-14.620501
0,-17.0325,24.31,-13.096001
0,-17.0325,24.31,-11.571501
0,-17.0325,24.31,-10.047001
0,-17.0325,24.31,-8.522501
0,-17.0325,24.31,-6.998
0,-17.0325,24.31,-5.4735003
0,-17.0325,24.31,-3.9490004
0,-17.0325,24.31,-2.4245005
0,-17.0325,24.31,-0.9000006
0,-17.0325,24.31,0.6245003
0,-17.0325,24.31,2.1490002
0,-17.0325,24.31,3.6735
0,-17.0325,24.31,5.198
0,-17.0325,24.31,6.7225
0,-17.0325,24.31,8.247
0,-17.0325,24.31,9.7715
0,-17.0325,24.31,11.296
0,-17.0325,24.31,12.820499
0,-17.0325,24.31,14.344999
0,-15.139999,24.31,-16.145
0,-15.139999,24.31,-14.620501
0,-15.139999,24.31,-13.096001
0,-15.139999,24.31,-11.571501
0,-15.139999,24.31,-10.047001
0,-15.139999,24.31,-8.522501
0,-15.139999,24.31,-6.998
0,-15.139999,24.31,-5.4735003
0,-15.139999,24.31,-3.9490004
0,-15.139999,24.31,-2.4245005
0,-15.139999,24.31,-0.9000006
0,-15.139999,24.31,0.6245003
0,-15.139999,24.31,2.1490002
0,-15.139999,24.31,3.6735
0,-15.139999,24.31,5.198
0,-15.139999,24.31,6.7225
0,-15.139999,24.31,8.247
0,-15.139999,24.31,9.7715
0,-15.139999,24.31,11.296
0,-15.139999,24.31,12.820499
0,-15.139999,24.31,14.344999
0,-13.247499,24.31,-16.145
0,-13.247499,24.31,-14.620501
0,-13.247499,24.31,-13.096001
0,-13.247499,24.31,-11.571501
0,-13.247499,24.31,-10.047001
0,-13.247499,24.31,-8.522501
0,-13.247499,24.31,-6.998
0,-13.247499,24.31,-5.4735003
0,-13.247499,24.31,-3.9490004
0,-13.247499,24.31,-2.4245005
0,-13.247499,24.31,-0.9000006
0,-13.247499,24.31,0.6245003
0,-13.247499,24.31,2.1490002
0,-13.247499,24.31,3.6735
0,-13.247499,24.31,5.198
0,-13.247499,24.31,6.7225
0,-13.247499,24.31,8.247
0,-13.247499,24.31,9.7715
0,-13.247499,24.31,11.296
0,-13.247499,24.31,12.820499
0,-13.247499,24.31,14.344999
0,-11.355,24.31,-16.145
0,-11.355,24.31,-14.620501
0,-11.355,24.31,-13.096001
0,-11.355,24.31,-11.571501
0,-11.355,24.31,-10.047001
0,-11.355,24.31,-8.522501
0,-11.355,24.31,-6.998
0,-11.355,24.31,-5.4735003
0,-11.355,24.31,-3.9490004
0,-11.355,24.31,-2.4245005
0,-11.355,24.31,-0.9000006
0,-11.355,24.31,0.6245003
0,-11.355,24.31,2.1490002
0,-11.355,24.31,3.6735
0,-11.355,24.31,5.198
0,-11.355,24.31,6.7225
0,-11.355,24.31,8.247
0,-11.355,24.31,9.7715
0,-11.355,24.31,11.296
0,-11.355,24.31,12.820499
0,-11.355,24.31,14.344999
0,-9.4625,24.31,-16.145
0,-9.4625,24.31,-14.620501
0,-9.4625,24.31,-13.096001
0,-9.4625,24.31,-11.571501
0,-9.4625,24.31,-10.047001
0,-9.4625,24.31,-8.522501
0,-9.4625,24.31,-6.998
0,-9.4625,24.31,-5.4735003
0,-9.4625,24.31,-3.9490004
0,-9.4625,24.31,-2.4245005
0,-9.4625,24.31,-0.9000006
0,-9.4625,24.31,0.6245003
0,-9.4625,24.31,2.1490002
0,-9.4625,24.31,3.6735
0,-9.4625,24.31,5.198
0,-9.4625,24.31,6.7225
0,-9.4625,24.31,8.247
0,-9.4625,24.31,9.7715
0,-9.4625,24.31,11.296
0,-9.4625,24.31,12.820499
0.04263344,-9.4625,24.31,14.344999
0,-7.5699997,24.31,-16.145
0,-7.5699997,24.31,-14.620501
0,-7.5699997,24.31,-13.096001
0,-7.5699997,24.31,-11.571501
0,-7.5699997,24.31,-10.047001
0,-7.5699997,24.31,-8.522501
0,-7.5699997,24.31,-6.998
0,-7.5699997,24.31,-5.4735003
0,-7.5699997,24.31,-3.9490004
0,-7.5699997,24.31,-2.4245005
0,-7.5699997,24.31,-0.9000006
0,-7.5699997,24.31,0.6245003
0,-7.5699997,24.31,2.1490002
0,-7.5699997,24.31,3.6735
0,-7.5699997,24.31,5.198
0,-7.5699997,24.31,6.7225
0,-7.5699997,24.31,8.247
0,-7.5699997,24.31,9.7715
0,-7.5699997,24.31,11.296
0.12459591,-7.5699997,24.31,12.820499
0.2685513,-7.5699997,24.31,14.344999
0,-5.6775,24.31,-16.145
0,-5.6775,24.31,-14.620501
0,-5.6775,24.31,-13.096001
0,-5.6775,24.31,-11.571501
0,-5.6775,24.31,-10.047001
0,-5.6775,24.31,-8.522501
0,-5.6775,24.31,-6.998
0,-5.6775,24.31,-5.4735003
0,-5.6775,24.31,-3.9490004
0,-5.6775,24.31,-2.4245005
0,-5.6775,24.31,-0.9000006
0,-5.6775,24.31,0.6245003
0,-5.6775,24.31,2.1490002
0,-5.6775,24.31,3.6735
0,-5.6775,24.31,5.198
0,-5.6775,24.31,6.7225
0,-5.6775,24.31,8.247
0,-5.6775,24.31,9.7715
0.057547297,-5.6775,24.31,11.296
0.28751332,-5.6775,24.31,12.820499
0.40413046,-5.6775,24.31,14.344999
0,-3.7849998,24.31,-16.145
0,-3.7849998,24.31,-14.620501
0,-3.7849998,24.31,-13.096001
0,-3.7849998,24.31,-11.571501
0,-3.7849998,24.31,-10.047001
0,-3.7849998,24.31,-8.522501
0,-3.7849998,24.31,-6.998
0,-3.7849998,24.31,-5.4735003
0,-3.7849998,24.31,-3.9490004
0,-3.7849998,24.31,-2.4245005
0,-3.7849998,24.31,-0.9000006
0,-3.7849998,24.31,0.6245003
0,-3.7849998,24.31,2.1490002
0,-3.7849998,24.31,3.6735
0,-3.7849998,24.31,5.198
0,-3.7849998,24.31,6.7225
0,-3.7849998,24.31,8.247
0,-3.7849998,24.31,9.7715
0.19373797,-3.7849998,24.31,11.296
0.39041388,-3.7849998,24.31,12.820499
0.46959203,-3.7849998,24.31,14.344999
0,-1.8924999,24.31,-16.145
0,-1.8924999,24.31,-14.620501
0,-1.8924999,24.31,-13.096001
0,-1.8924999,24.31,-11.571501
0,-1.8924999,24.31,-10.047001
0,-1.8924999,24.31,-8.522501
0,-1.8924999,24.31,-6.998
0,-1.8924999,24.31,-5.4735003
0,-1.8924999,24.31,-3.9490004
0,-1.8924999,24.31,-2.4245005
0,-1.8924999,24.31,-0.9000006
0,-1.8924999,24.31,0.6245003
0,-1.8924999,24.31,2.1490002
0,-1.8924999,24.31,3.6735
0,-1.8924999,24.31,5.198
0,-1.8924999,24.31,6.7225
0,-1.8924999,24.31,8.247
0,-1.8924999,24.31,9.7715
0.29437765,-1.8924999,24.31,11.296
0.44948056,-1.8924999,24.31,12.820499
0.49196067,-1.8924999,24.31,14.344999
0,0,24.31,-16.145
0,0,24.31,-14.620501
0,0,24.31,-13.096001
0,0,24.31,-11.571501
0,0,24.31,-10.047001
0,0,24.31,-8.522501
0,0,24.31,-6.998
0,0,24.31,-5.4735003
0,0,24.31,-3.9490004
0,0,24.31,-2.4245005
0,0,24.31,-0.9000006
0,0,24.31,0.6245003
0,0,24.31,2.1490002
0,0,24.31,3.6735
0,0,24.31,5.198
0,0,24.31,6.7225
0,0,24.31,8.247
0.098685324,0,24.31,9.7715
0.36674035,0,24.31,11.296
0.48080027,0,24.31,12.820499
0.49350223,0,24.31,14.344999
0,1.8924999,24.31,-16.145
0,1.8924999,24.31,-14.620501
0,1.8924999,24.31,-13.096001
0,1.8924999,24.31,-11.571501
0,1.8924999,24.31,-10.047001
0,1.8924999,24.31,-8.522501
0,1.8924999,24.31,-6.998
0,1.8924999,24.31,-5.4735003
0,1.8924999,24.31,-3.9490004
0,1.8924999,24.31,-2.4245005
0,1.8924999,24.31,-0.9000006
0,1.8924999,24.31,0.6245003
0,1.8924999,24.31,2.1490002
0,1.8924999,24.31,3.6735
0,1.8924999,24.31,5.198
0,1.8924999,24.31,6.7225
0,1.8924999,24.31,8.247
0.19646047,1.8924999,24.31,9.7715
0.42201638,1.8924999,24.31,11.296
0.49304825,1.8924999,24.31,12.820499
0.49350223,1.8924999,24.31,14.344999
0,3.7849998,24.31,-16.145
0,3.7849998,24.31,-14.620501
0,3.7849998,24.31,-13.096001
0,3.7849998,24.31,-11.571501
0,3.7849998,24.31,-10.047001
0,3.7849998,24.31,-8.522501
0,3.7849998,24.31,-6.998
0,3.7849998,24.31,-5.4735003
0,3.7849998,24.31,-3.9490004
0,3.7849998,24.31,-2.4245005
0,3.7849998,24.31,-0.9000006
0,3.7849998,24.31,0.6245003
0,3.7849998,24.31,2.1490002
0,3.7849998,24.31,3.6735
0,3.7849998,24.31,5.198
0,3.7849998,24.31,6.7225
0,3.7849998,24.31,8.247
0.28357178,3.7849998,24.31,9.7715
0.45799762,3.7849998,24.31,11.296
0.49350223,3.7849998,24.31,12.820499
0.49350223,3.7849998,24.31,14.344999
0,5.6775,24.31,-16.145
0,5.6775,24.31,-14.620501
0,5.6775,24.31,-13.096001
0,5.6775,24.31,-11.571501
0,5.6775,24.31,-10.047001
0,5.6775,24.31,-8.522501
0,5.6775,24.31,-6.998
0,5.6775,24.31,-5.4735003
0,5.6775,24.31,-3.9490004
0,5.6775,24.31,-2.4245005
0,5.6775,24.31,-0.9000006
0,5.6775,24.31,0.6245003
0,5.6775,24.31,2.1490002
0,5.6775,24.31,3.6735
0,5.6775,24.31,5.198
0,5.6775,24.31,6.7225
0.08501798,5.6775,24.31,8.247
0.3442193,5.6775,24.31,9.7715
0.4744655,5.6775,24.31,11.296
0.49350223,5.6775,24.31,12.820499
0.49350223,5.6775,24.31,14.344999
0,7.5699997,24.31,-16.145
0,7.5699997,24.31,-14.620501
0,7.5699997,24.31,-13.096001
0,7.5699997,24.31,-11.571501
0,7.5699997,24.31,-10.047001
0,7.5699997,24.31,-8.522501
0,7.5699997,24.31,-6.998
0,7.5699997,24.31,-5.4735003
0,7.5699997,24.31,-3.9490004
0,7.5699997,24.31,-2.4245005
0,7.5699997,24.31,-0.9000006
0,7.5699997,24.31,0.6245003
0,7.5699997,24.31,2.1490002
0,7.5699997,24.31,3.6735
0,7.5699997,24.31,5.198
0,7.5699997,24.31,6.7225
0.17056379,7.5699997,24.31,8.247
0.3759931,7.5699997,24.31,9.7715
0.47737885,7.5699997,24.31,11.296
0.49350223,7.5699997,24.31,12.820499
0.49350223,7.5699997,24.31,14.344999
0,9.4625,24.31,-16.145
0,9.4625,24.31,-14.620501
0,9.4625,24.31,-13.096001
0,9.4625,24.31,-11.571501
0,9.4625,24.31,-10.047001
0,9.4625,24.31,-8.522501
0,9.4625,24.31,-6.998
0,9.4625,24.31,-5.4735003
0,9.4625,24.31,-3.9490004
0,9.4625,24.31,-2.4245005
0,9.4625,24.31,-0.9000006
0,9.4625,24.31,0.6245003
0,9.4625,24.31,2.1490002
0,9.4625,24.31,3.6735
0,9.4625,24.31,5.198
0,9.4625,24.31,6.7225
0.21967581,9.4625,24.31,8.247
0.38238358,9.4625,24.31,9.7715
0.46884093,9.4625,24.31,11.296
0.49335554,9.4625,24.31,12.820499
0.49350223,9.4625,24.31,14.344999
0,11.355,24.31,-16.145
0,11.355,24.31,-14.620501
0,11.355,24.31,-13.096001
0,11.355,24.31,-11.571501
0,11.355,24.31,-10.047001
0,11.355,24.31,-8.522501
0,11.355,24.31,-6.998
0,11.355,24.31,-5.4735003
0,11.355,24.31,-3.9490004
0,11.355,24.31,-2.4245005
0,11.355,24.31,-0.9000006
0,11.355,24.31,0.6245003
0,11.355,24.31,2.1490002
0,11.355,24.31,3.6735
0,11.355,24.31,5.198
0.056095812,11.355,24.31,6.7225
0.23647174,11.355,24.31,8.247
0.3670917,11.355,24.31,9.7715
0.44504708,11.355,24.31,11.296
0.48082718,11.355,24.31,12.820499
0.49171022,11.355,24.31,14.344999
0,13.247501,24.31,-16.145
0,13.247501,24.31,-14.620501
0,13.247501,24.31,-13.096001
0,13.247501,24.31,-11.571501
0,13.247501,24.31,-10.047001
0,13.247501,24.31,-8.522501
0,13.247501,24.31,-6.998
0,13.247501,24.31,-5.4735003
0,13.247501,24.31,-3.9490004
0,13.247501,24.31,-2.4245005
0,13.247501,24.31,-0.9000006
0,13.247501,24.31,0.6245003
0,13.247501,24.31,2.1490002
0,13.247501,24.31,3.6735
0,13.247501,24.31,5.198
0.085418105,13.247501,24.31,6.7225
0.22846353,13.247501,24.31,8.247
0.33449182,13.247501,24.31,9.7715
0.40368816,13.247501,24.31,11.296
0.4430236,13.247501,24.31,12.820499
0.46179575,13.247501,24.31,14.344999
0,15.139999,24.31,-16.145
0,15.139999,24.31,-14.620501
0,15.139999,24.31,-13.096001
0,15.139999,24.31,-11.571501
0,15.139999,24.31,-10.047001
0,15.139999,24.31,-8.522501
0,15.139999,24.31,-6.998
0,15.139999,24.31,-5.4735003
0,15.139999,24.31,-3.9490004
0,15.139999,24.31,-2.4245005
0,15.139999,24.31,-0.9000006
0,15.139999,24.31,0.6245003
0,15.139999,24.31,2.1490002
0,15.139999,24.31,3.6735
0,15.139999,24.31,5.198
0.08917739,15.139999,24.31,6.7225
0.20702174,15.139999,24.31,8.247
0.29510847,15.139999,24.31,9.7715
0.35465938,15.139999,24.31,11.296
0.39064148,15.139999,24.31,12.820499
0.40893713,15.139999,24.31,14.344999
0,17.032497,24.31,-16.145
0,17.032497,24.31,-14.620501
0,17.032497,24.31,-13.096001
0,17.032497,24.31,-11.571501
0,17.032497,24.31,-10.047001
0,17.032497,24.31,-8.522501
0,17.032497,24.31,-6.998
0,17.032497,24.31,-5.4735003
0,17.032497,24.31,-3.9490004
0,17.032497,24.31,-2.4245005
0,17.032497,24.31,-0.9000006
0,17.032497,24.31,0.6245003
0,17.032497,24.31,2.1490002
0,17.032497,24.31,3.6735
0,17.032497,24.31,5.198
0.08247672,17.032497,24.31,6.7225
0.18932998,17.032497,24.31,8.247
0.26913232,17.032497,24.31,9.7715
0.32325104,17.032497,24.31,11.296
0.35592133,17.032497,24.31,12.820499
0.37211448,17.032497,24.31,14.344999
0,18.925,24.31,-16.145
0,18.925,24.31,-14.620501
0,18.925,24.31,-13.096001
0,18.925,24.31,-11.571501
0,18.925,24.31,-10.047001
0,18.925,24.31,-8.522501
0,18.925,24.31,-6.998
0,18.925,24.31,-5.4735003
0,18.925,24.31,-3.9490004
0,18.925,24.31,-2.4245005
0,18.925,24.31,-0.9000006
0,18.925,24.31,0.6245003
0,18.925,24.31,2.1490002
0,18.925,24.31,3.6735
0,18.925,24.31,5.198
0.06197857,18.925,24.31,6.7225
0.15774173,18.925,24.31,8.247
0.23011303,18.925,24.31,9.7715
0.27994892,18.925,24.31,11.296
0.31044808,18.925,24.31,12.820499
0.3257061,18.925,24.31,14.344999
0,-18.925,-0.010000229,-16.145
0,-18.925,-0.010000229,-14.620501
0,-18.925,-0.010000229,-13.096001
0,-18.925,-0.010000229,-11.571501
0,-18.925,-0.010000229,-10.047001
0,-18.925,-0.010000229,-8.522501
0,-18.925,-0.010000229,-6.998
0,-18.925,-0.010000229,-5.4735003
0,-18.925,-0.010000229,-3.9490004
0,-18.925,-0.010000229,-2.4245005
0,-18.925,-0.010000229,-0.9000006
0,-18.925,-0.010000229,0.6245003
0,-18.925,-0.010000229,2.1490002
0,-18.925,-0.010000229,3.6735
0,-18.925,-0.010000229,5.198
0,-18.925,-0.010000229,6.7225
0,-18.925,-0.010000229,8.247
0,-18.925,-0.010000229,9.7715
0,-18.925,-0.010000229,11.296
0,-18.925,-0.010000229,12.820499
0,-18.925,-0.010000229,14.344999
0,-17.0325,-0.010000229,-16.145
0,-17.0325,-0.010000229,-14.620501
0,-17.0325,-0.010000229,-13.096001
0,-17.0325,-0.010000229,-11.571501
0,-17.0325,-0.010000229,-10.047001
0,-17.0325,-0.010000229,-8.522501
0,-17.0325,-0.010000229,-6.998
0,-17.0325,-0.010000229,-5.4735003
0,-17.0325,-0.010000229,-3.9490004
0,-17.0325,-0.010000229,-2.4245005
0,-17.0325,-0.010000229,-0.9000006
0,-17.0325,-0.010000229,0.6245003
0,-17.0325,-0.010000229,2.1490002
0,-17.0325,-0.010000229,3.6735
0,-17.0325,-0.010000229,5.198
0,-17.0325,-0.010000229,6.7225
0,-17.0325,-0.010000229,8.247
0,-17.0325,-0.010000229,9.7715
0,-17.0325,-0.010000229,11.296
0,-17.0325,-0.010000229,12.820499
0,-17.0325,-0.010000229,14.344999
0,-15.139999,-0.010000229,-16.145
0,-15.139999,-0.010000229,-14.620501
0,-15.139999,-0.010000229,-13.096001
0,-15.139999,-0.010000229,-11.571501
0.0671495,-15.139999,-0.010000229,-10.047001
0.09761233,-15.139999,-0.010000229,-8.522501
0.06844292,-15.139999,-0.010000229,-6.998
0,-15.139999,-0.010000229,-5.4735003
0,-15.139999,-0.010000229,-3.9490004
0,-15.139999,-0.010000229,-2.4245005
0,-15.139999,-0.010000229,-0.9000006
0,-15.139999,-0.010000229,0.6245003
0,-15.139999,-0.010000229,2.1490002
0,-15.139999,-0.010000229,3.6735
0,-15.139999,-0.010000229,5.198
0,-15.139999,-0.010000229,6.7225
0,-15.139999,-0.010000229,8.247
0,-15.139999,-0.010000229,9.7715
0,-15.139999,-0.010000229,11.296
0,-15.139999,-0.010000229,12.820499
0,-15.139999,-0.010000229,14.344999
0,-13.247499,-0.010000229,-16.145
0.017899387,-13.247499,-0.010000229,-14.620501
0.1256051,-13.247499,-0.010000229,-13.096001
0.1966299,-13.247499,-0.010000229,-11.571501
0.2242954,-13.247499,-0.010000229,-10.047001
0.20630826,-13.247499,-0.010000229,-8.522501
0.13929617,-13.247499,-0.010000229,-6.998
0.020705221,-13.247499,-0.010000229,-5.4735003
0,-13.247499,-0.010000229,-3.9490004
0,-13.247499,-0.010000229,-2.4245005
0,-13.247499,-0.010000229,-0.9000006
0,-13.247499,-0.010000229,0.6245003
0,-13.247499,-0.010000229,2.1490002
0,-13.247499,-0.010000229,3.6735
0,-13.247499,-0.010000229,5.198
0,-13.247499,-0.010000229,6.7225
0,-13.247499,-0.010000229,8.247
0,-13.247499,-0.010000229,9.7715
0,-13.247499,-0.010000229,11.296
0,-13.247499,-0.010000229,12.820499
0,-13.247499,-0.010000229,14.344999
0.24636313,-11.355,-0.010000229,-16.145
0.3044695,-11.355,-0.010000229,-14.620501
0.337966,-11.355,-0.010000229,-13.096001
0.34338868,-11.355,-0.010000229,-11.571501
0.31734565,-11.355,-0.010000229,-10.047001
0.25309062,-11.355,-0.010000229,-8.522501
0.1431281,-11.355,-0.010000229,-6.998
0,-11.355,-0.010000229,-5.4735003
0,-11.355,-0.010000229,-3.9490004
0,-11.355,-0.010000229,-2.4245005
0,-11.355,-0.010000229,-0.9000006
0,-11.355,-0.010000229,0.6245003
0,-11.355,-0.010000229,2.1490002
0,-11.355,-0.010000229,3.6735
0,-11.355,-0.010000229,5.198
0,-11.355,-0.010000229,6.7225
0,-11.355,-0.010000229,8.247
0,-11.355,-0.010000229,9.7715
0,-11.355,-0.010000229,11.296
0,-11.355,-0.010000229,12.820499
0,-11.355,-0.010000229,14.344999
0.42914775,-9.4625,-0.010000229,-16.145
0.44114527,-9.4625,-0.010000229,-14.620501
0.43412694,-9.4625,-0.010000229,-13.096001
0.40417528,-9.4625,-0.010000229,-11.571501
0.341298,-9.4625,-0.010000229,-10.047001
0.234739,-9.4625,-0.010000229,-8.522501
0.08082711,-9.4625,-0.010000229,-6.998
0,-9.4625,-0.010000229,-5.4735003
0,-9.4625,-0.010000229,-3.9490004
0,-9.4625,-0.010000229,-2.4245005
0,-9.4625,-0.010000229,-0.9000006
0,-9.4625,-0.010000229,0.6245003
0,-9.4625,-0.010000229,2.1490002
0,-9.4625,-0.010000229,3.6735
0,-9.4625,-0.010000229,5.198
0,-9.4625,-0.010000229,6.7225
0,-9.4625,-0.010000229,8.247
0,-9.4625,-0.010000229,9.7715
0,-9.4625,-0.010000229,11.296
0,-9.4625,-0.010000229,12.820499
0,-9.4625,-0.010000229,14.344999
0.47871497,-7.5699997,-0.010000229,-16.145
0.47459388,-7.5699997,-0.010000229,-14.620501
0.45186055,-7.5699997,-0.010000229,-13.096001
0.3970649,-7.5699997,-0.010000229,-11.571501
0.29648137,-7.5699997,-0.010000229,-10.047001
0.14553083,-7.5699997,-0.010000229,-8.522501
0,-7.5699997,-0.010000229,-6.998
0,-7.5699997,-0.010000229,-5.4735003
0,-7.5699997,-0.010000229,-3.9490004
0,-7.5699997,-0.010000229,-2.4245005
0,-7.5699997,-0.010000229,-0.9000006
0,-7.5699997,-0.010000229,0.6245003
0,-7.5699997,-0.010000229,2.1490002
0,-7.5699997,-0.010000229,3.6735
0,-7.5699997,-0.010000229,5.198
0,-7.5699997,-0.010000229,6.7225
0,-7.5699997,-0.010000229,8.247
0,-7.5699997,-0.010000229,9.7715
0,-7.5699997,-0.010000229,11.296
0,-7.5699997,-0.010000229,12.820499
0,-7.5699997,-0.010000229,14.344999
0.47383094,-5.6775,-0.010000229,-16.145
0.45781526,-5.6775,-0.010000229,-14.620501
0.40979567,-5.6775,-0.010000229,-13.096001
0.3151512,-5.6775,-0.010000229,-11.571501
0.16895844,-5.6775,-0.010000229,-10.047001
0,-5.6775,-0.010000229,-8.522501
0,-5.6775,-0.010000229,-6.998
0,-5.6775,-0.010000229,-5.4735003
0,-5.6775,-0.010000229,-3.9490004
0,-5.6775,-0.010000229,-2.4245005
0,-5.6775,-0.010000229,-0.9000006
0,-5.6775,-0.010000229,0.6245003
0,-5.6775,-0.010000229,2.1490002
0,-5.6775,-0.010000229,3.6735
0,-5.6775,-0.010000229,5.198
0,-5.6775,-0.010000229,6.7225
0,-5.6775,-0.010000229,8.247
0,-5.6775,-0.010000229,9.7715
0,-5.6775,-0.010000229,11.296
0,-5.6775,-0.010000229,12.820499
0,-5.6775,-0.010000229,14.344999
0.40452486,-3.7849998,-0.010000229,-16.145
0.36118972,-3.7849998,-0.010000229,-14.620501
0.27015114,-3.7849998,-0.010000229,-13.096001
0.13059512,-3.7849998,-0.010000229,-11.571501
0,-3.7849998,-0.010000229,-10.047001
0,-3.7849998,-0.010000229,-8.522501
0,-3.7849998,-0.010000229,-6.998
0,-3.7849998,-0.010000229,-5.4735003
0,-3.7849998,-0.010000229,-3.9490004
0,-3.7849998,-0.010000229,-2.4245005
0,-3.7849998,-0.010000229,-0.9000006
0,-3.7849998,-0.010000229,0.6245003
0,-3.7849998,-0.010000229,2.1490002
0,-3.7849998,-0.010000229,3.6735
0,-3.7849998,-0.010000229,5.198
0,-3.7849998,-0.010000229,6.7225
0,-3.7849998,-0.010000229,8.247
0,-3.7849998,-0.010000229,9.7715
0,-3.7849998,-0.010000229,11.296
0,-3.7849998,-0.010000229,12.820499
0,-3.7849998,-0.010000229,14.344999
0.20377825,-1.8924999,-0.010000229,-16.145
0.1306864,-1.8924999,-0.010000229,-14.620501
0.009711363,-1.8924999,-0.010000229,-13.096001
0,-1.8924999,-0.010000229,-11.571501
0,-1.8924999,-0.010000229,-10.047001
0,-1.8924999,-0.010000229,-8.522501
0,-1.8924999,-0.010000229,-6.998
0,-1.8924999,-0.010000229,-5.4735003
0,-1.8924999,-0.010000229,-3.9490004
0,-1.8924999,-0.010000229,-2.4245005
0,-1.8924999,-0.010000229,-0.9000006
0,-1.8924999,-0.010000229,0.6245003
0,-1.8924999,-0.010000229,2.1490002
0,-1.8924999,-0.010000229,3.6735
0,-1.8924999,-0.010000229,5.198
0,-1.8924999,-0.010000229,6.7225
0,-1.8924999,-0.010000229,8.247
0,-1.8924999,-0.010000229,9.7715
0,-1.8924999,-0.010000229,11.296
0,-1.8924999,-0.010000229,12.820499
0,-1.8924999,-0.010000229,14.344999
0,0,-0.010000229,-16.145
0,0,-0.010000229,-14.620501
0,0,-0.010000229,-13.096001
0,0,-0.010000229,-11.571501
0,0,-0.010000229,-10.047001
0,0,-0.010000229,-8.522501
0,0,-0.010000229,-6.998
0,0,-0.010000229,-5.4735003
0,0,-0.010000229,-3.9490004
0,0,-0.010000229,-2.4245005
0,0,-0.010000229,-0.9000006
0,0,-0.010000229,0.6245003
0,0,-0.010000229,2.1490002
0,0,-0.010000229,3.6735
0,0,-0.010000229,5.198
0,0,-0.010000229,6.7225
0,0,-0.010000229,8.247
0,0,-0.010000229,9.7715
0,0,-0.010000229,11.296
0,0,-0.010000229,12.820499
0,0,-0.010000229,14.344999
0,1.8924999,-0.010000229,-16.145
0,1.8924999,-0.010000229,-14.620501
0,1.8924999,-0.010000229,-13.096001
0,1.8924999,-0.010000229,-11.571501
0,1.8924999,-0.010000229,-10.047001
0,1.8924999,-0.010000229,-8.522501
0,1.8924999,-0.010000229,-6.998
0,1.8924999,-0.010000229,-5.4735003
0,1.8924999,-0.010000229,-3.9490004
0,1.8924999,-0.010000229,-2.4245005
0,1.8924999,-0.010000229,-0.9000006
0,1.8924999,-0.010000229,0.6245003
0,1.8924999,-0.010000229,2.1490002
0,1.8924999,-0.010000229,3.6735
0,1.8924999,-0.010000229,5.198
0,1.8924999,-0.010000229,6.7225
0,1.8924999,-0.010000229,8.247
0,1.8924999,-0.010000229,9.7715
0,1.8924999,-0.010000229,11.296
0,1.8924999,-0.010000229,12.820499
0,1.8924999,-0.010000229,14.344999
0,3.7849998,-0.010000229,-16.145
0,3.7849998,-0.010000229,-14.620501
0,3.7849998,-0.010000229,-13.096001
0,3.7849998,-0.010000229,-11.571501
0,3.7849998,-0.010000229,-10.047001
0,3.7849998,-0.010000229,-8.522501
0,3.7849998,-0.010000229,-6.998
0,3.7849998,-0.010000229,-5.4735003
0,3.7849998,-0.010000229,-3.9490004
0.09092381,3.7849998,-0.010000229,-2.4245005
0.16320758,3.7849998,-0.010000229,-0.9000006
0.1958919,3.7849998,-0.010000229,0.6245003
0.15360439,3.7849998,-0.010000229,2.1490002
0.043723654,3.7849998,-0.010000229,3.6735
0,3.7849998,-0.010000229,5.198
0,3.7849998,-0.010000229,6.7225
0,3.7849998,-0.010000229,8.247
0,3.7849998,-0.010000229,9.7715
0,3.7849998,-0.010000229,11.296
0,3.7849998,-0.010000229,12.820499
0,3.7849998,-0.010000229,14.344999
0,5.6775,-0.010000229,-16.145
0,5.6775,-0.010000229,-14.620501
0,5.6775,-0.010000229,-13.096001
0,5.6775,-0.010000229,-11.571501
0,5.6775,-0.010000229,-10.047001
0,5.6775,-0.010000229,-8.522501
0.052513354,5.6775,-0.010000229,-6.998
0.20143105,5.6775,-0.010000229,-5.4735003
0.3052021,5.6775,-0.010000229,-3.9490004
0.36804646,5.6775,-0.010000229,-2.4245005
0.39809936,5.6775,-0.010000229,-0.9000006
0.3981806,5.6775,-0.010000229,0.6245003
0.3386233,5.6775,-0.010000229,2.1490002
0.20490788,5.6775,-0.010000229,3.6735
0,5.6775,-0.010000229,5.198
0,5.6775,-0.010000229,6.7225
0,5.6775,-0.010000229,8.247
0,5.6775,-0.010000229,9.7715
0,5.6775,-0.010000229,11.296
0,5.6775,-0.010000229,12.820499
0,5.6775,-0.010000229,14.344999
0,7.5699997,-0.010000229,-16.145
0,7.5699997,-0.010000229,-14.620501
0,7.5699997,-0.010000229,-13.096001
0,7.5699997,-0.010000229,-11.571501
0,7.5699997,-0.010000229,-10.047001
0.13439634,7.5699997,-0.010000229,-8.522501
0.3135338,7.5699997,-0.010000229,-6.998
0.41638684,7.5699997,-0.010000229,-5.4735003
0.4634989,7.5699997,-0.010000229,-3.9490004
0.47964868,7.5699997,-0.010000229,-2.4245005
0.48124453,7.5699997,-0.010000229,-0.9000006
0.4701628,7.5699997,-0.010000229,0.6245003
0.40994093,7.5699997,-0.010000229,2.1490002
0.2580154,7.5699997,-0.010000229,3.6735
0.010082458,7.5699997,-0.010000229,5.198
0,7.5699997,-0.010000229,6.7225
0,7.5699997,-0.010000229,8.247
0,7.5699997,-0.010000229,9.7715
0,7.5699997,-0.010000229,11.296
0,7.5699997,-0.010000229,12.820499
0,7.5699997,-0.010000229,14.344999
0,9.4625,-0.010000229,-16.145
0,9.4625,-0.010000229,-14.620501
0,9.4625,-0.010000229,-13.096001
0,9.4625,-0.010000229,-11.571501
0.11482262,9.4625,-0.010000229,-10.047001
0.34249187,9.4625,-0.010000229,-8.522501
0.45519498,9.4625,-0.010000229,-6.998
0.48995665,9.4625,-0.010000229,-5.4735003
0.49350223,9.4625,-0.010000229,-3.9490004
0.49350223,9.4625,-0.010000229,-2.4245005
0.49193916,9.4625,-0.010000229,-0.9000006
0.47705302,9.4625,-0.010000229,0.6245003
0.39925867,9.4625,-0.010000229,2.1490002
0.20531893,9.4625,-0.010000229,3.6735
0,9.4625,-0.010000229,5.198
0,9.4625,-0.010000229,6.7225
0,9.4625,-0.010000229,8.247
0,9.4625,-0.010000229,9.7715
0,9.4625,-0.010000229,11.296
0,9.4625,-0.010000229,12.820499
0,9.4625,-0.010000229,14.344999
0,11.355,-0.010000229,-16.145
0,11.355,-0.010000229,-14.620501
0,11.355,-0.010000229,-13.096001
0,11.355,-0.010000229,-11.571501
0.30118805,11.355,-0.010000229,-10.047001
0.45388865,11.355,-0.010000229,-8.522501
0.49298158,11.355,-0.010000229,-6.998
0.49350223,11.355,-0.010000229,-5.4735003
0.49350223,11.355,-0.010000229,-3.9490004
0.49350223,11.355,-0.010000229,-2.4245005
0.48068458,11.355,-0.010000229,-0.9000006
0.43478525,11.355,-0.010000229,0.6245003
0.29667333,11.355,-0.010000229,2.1490002
0.032909937,11.355,-0.010000229,3.6735
0,11.355,-0.010000229,5.198
0,11.355,-0.010000229,6.7225
0,11.355,-0.010000229,8.247
0,11.355,-0.010000229,9.7715
0,11.355,-0.010000229,11.296
0,11.355,-0.010000229,12.820499
0,11.355,-0.010000229,14.344999
0,13.247501,-0.010000229,-16.145
0,13.247501,-0.010000229,-14.620501
0,13.247501,-0.010000229,-13.096001
0.17269012,13.247501,-0.010000229,-11.571501
0.40880072,13.247501,-0.010000229,-10.047001
0.48861828,13.247501,-0.010000229,-8.522501
0.49350223,13.247501,-0.010000229,-6.998
0.49350223,13.247501,-0.010000229,-5.4735003
0.49350223,13.247501,-0.010000229,-3.9490004
0.4752034,13.247501,-0.010000229,-2.4245005
0.4019335,13.247501,-0.010000229,-0.9000006
0.28537196,13.247501,-0.010000229,0.6245003
0.063968375,13.247501,-0.010000229,2.1490002
0,13.247501,-0.010000229,3.6735
0,13.247501,-0.010000229,5.198
0,13.247501,-0.010000229,6.7225
0,13.247501,-0.010000229,8.247
0,13.247501,-0.010000229,9.7715
0,13.247501,-0.010000229,11.296
0,13.247501,-0.010000229,12.820499
0,13.247501,-0.010000229,14.344999
0,15.139999,-0.010000229,-16.145
0,15.139999,-0.010000229,-14.620501
0,15.139999,-0.010000229,-13.096001
0.26667497,15.139999,-0.010000229,-11.571501
0.44611707,15.139999,-0.010000229,-10.047001
0.49219337,15.139999,-0.010000229,-8.522501
0.49350223,15.139999,-0.010000229,-6.998
0.49341625,15.139999,-0.010000229,-5.4735003
0.47099364,15.139999,-0.010000229,-3.9490004
0.37438455,15.139999,-0.010000229,-2.4245005
0.20008686,15.139999,-0.010000229,-0.9000006
0.004920143,15.139999,-0.010000229,0.6245003
0,15.139999,-0.010000229,2.1490002
0,15.139999,-0.010000229,3.6735
0,15.139999,-0.010000229,5.198
0,15.139999,-0.010000229,6.7225
0,15.139999,-0.010000229,8.247
0,15.139999,-0.010000229,9.7715
0,15.139999,-0.010000229,11.296
0,15.139999,-0.010000229,12.820499
0,15.139999,-0.010000229,14.344999
0,17.032497,-0.010000229,-16.145
0,17.032497,-0.010000229,-14.620501
0,17.032497,-0.010000229,-13.096001
0.25272572,17.032497,-0.010000229,-11.571501
0.4238319,17.032497,-0.010000229,-10.047001
0.4783685,17.032497,-0.010000229,-8.522501
0.48448008,17.032497,-0.010000229,-6.998
0.46131438,17.032497,-0.010000229,-5.4735003
0.37151402,17.032497,-0.010000229,-3.9490004
0.18183084,17.032497,-0.010000229,-2.4245005
0,17.032497,-0.010000229,-0.9000006
0,17.032497,-0.010000229,0.6245003
0,17.032497,-0.010000229,2.1490002
0,17.032497,-0.010000229,3.6735
0,17.032497,-0.010000229,5.198
0,17.032497,-0.010000229,6.7225
0,17.032497,-0.010000229,8.247
0,17.032497,-0.010000229,9.7715
0,17.032497,-0.010000229,11.296
0,17.032497,-0.010000229,12.820499
0,17.032497,-0.010000229,14.344999
0,18.925,-0.010000229,-16.145
0,18.925,-0.010000229,-14.620501
0,18.925,-0.010000229,-13.096001
0.094945356,18.925,-0.010000229,-11.571501
0.28888035,18.925,-0.010000229,-10.047001
0.36918083,18.925,-0.010000229,-8.522501
0.36905035,18.925,-0.010000229,-6.998
0.29232273,18.925,-0.010000229,-5.4735003
0.11885532,18.925,-0.010000229,-3.9490004
0,18.925,-0.010000229,-2.4245005
0,18.925,-0.010000229,-0.9000006
0,18.925,-0.010000229,0.6245003
0,18.925,-0.010000229,2.1490002
0,18.925,-0.010000229,3.6735
0,18.925,-0.010000229,5.198
0,18.925,-0.010000229,6.7225
0,18.925,-0.010000229,8.247
0,18.925,-0.010000229,9.7715
0,18.925,-0.010000229,11.296
0,18.925,-0.010000229,12.820499
0,18.925,-0.010000229,14.344999
0,-18.925,-0.010000229,14.345
0,-18.925,1.2059997,14.345
0,-18.925,2.4219997,14.345
0,-18.925,3.6379995,14.345
0,-18.925,4.8539996,14.345
0,-18.925,6.0699997,14.345
0,-18.925,7.2859993,14.345
0,-18.925,8.502,14.345
0,-18.925,9.717999,14.345
0,-18.925,10.933999,14.345
0,-18.925,12.15,14.345
0,-18.925,13.365999,14.345
0,-18.925,14.581999,14.345
0,-18.925,15.797999,14.345
0,-18.925,17.014,14.345
0,-18.925,18.23,14.345
0,-18.925,19.446,14.345
0,-18.925,20.661999,14.345
0,-18.925,21.877998,14.345
0,-18.925,23.094,14.345
0,-18.925,24.31,14.345
0,-17.0325,-0.010000229,14.345
0,-17.0325,1.2059997,14.345
0,-17.0325,2.4219997,14.345
0,-17.0325,3.6379995,14.345
0,-17.0325,4.8539996,14.345
0,-17.0325,6.0699997,14.345
0,-17.0325,7.2859993,14.345
0,-17.0325,8.502,14.345
0,-17.0325,9.717999,14.345
0,-17.0325,10.933999,14.345
0,-17.0325,12.15,14.345
0.03172546,-17.0325,13.365999,14.345
0.005063746,-17.0325,14.581999,14.345
0,-17.0325,15.797999,14.345
0,-17.0325,17.014,14.345
0,-17.0325,18.23,14.345
0,-17.0325,19.446,14.345
0,-17.0325,20.661999,14.345
0,-17.0325,21.877998,14.345
0,-17.0325,23.094,14.345
0,-17.0325,24.31,14.345
0,-15.139999,-0.010000229,14.345
0,-15.139999,1.2059997,14.345
0,-15.139999,2.4219997,14.345
0,-15.139999,3.6379995,14.345
0,-15.139999,4.8539996,14.345
0,-15.139999,6.0699997,14.345
0,-15.139999,7.2859993,14.345
0,-15.139999,8.502,14.345
0,-15.139999,9.717999,14.345
0.09114655,-15.139999,10.933999,14.345
0.19014612,-15.139999,12.15,14.345
0.23302306,-15.139999,13.365999,14.345
0.22204466,-15.139999,14.581999,14.345
0.15077119,-15.139999,15.797999,14.345
0.005503165,-15.139999,17.014,14.345
0,-15.139999,18.23,14.345
0,-15.139999,19.446,14.345
0,-15.139999,20.661999,14.345
0,-15.139999,21.877998,14.345
0,-15.139999,23.094,14.345
0,-15.139999,24.31,14.345
0,-13.247499,-0.010000229,14.345
0,-13.247499,1.2059997,14.345
0,-13.247499,2.4219997,14.345
0,-13.247499,3.6379995,14.345
0,-13.247499,4.8539996,14.345
0,-13.247499,6.0699997,14.345
0,-13.247499,7.2859993,14.345
0,-13.247499,8.502,14.345
0,-13.247499,9.717999,14.345
0.12717071,-13.247499,10.933999,14.345
0.23237525,-13.247499,12.15,14.345
0.2858659,-13.247499,13.365999,14.345
0.29234746,-13.247499,14.581999,14.345
0.24888971,-13.247499,15.797999,14.345
0.14313406,-13.247499,17.014,14.345
0.0007074189,-13.247499,18.23,14.345
0,-13.247499,19.446,14.345
0,-13.247499,20.661999,14.345
0,-13.247499,21.877998,14.345
0,-13.247499,23.094,14.345
0,-13.247499,24.31,14.345
0,-11.355,-0.010000229,14.345
0,-11.355,1.2059997,14.345
0,-11.355,2.4219997,14.345
0,-11.355,3.6379995,14.345
0,-11.355,4.8539996,14.345
0,-11.355,6.0699997,14.345
0,-11.355,7.2859993,14.345
0,-11.355,8.502,14.345
0,-11.355,9.717999,14.345
0.04728503,-11.355,10.933999,14.345
0.16838083,-11.355,12.15,14.345
0.24192755,-11.355,13.365999,14.345
0.27066272,-11.355,14.581999,14.345
0.25434628,-11.355,15.797999,14.345
0.18633959,-11.355,17.014,14.345
0.095278695,-11.355,18.23,14.345
0.0009988195,-11.355,19.446,14.345
0,-11.355,20.661999,14.345
0,-11.355,21.877998,14.345
0,-11.355,23.094,14.345
0,-11.355,24.31,14.345
0,-9.4625,-0.010000229,14.345
0,-9.4625,1.2059997,14.345
0,-9.4625,2.4219997,14.345
0,-9.4625,3.6379995,14.345
0,-9.4625,4.8539996,14.345
0,-9.4625,6.0699997,14.345
0,-9.4625,7.2859993,14.345
0,-9.4625,8.502,14.345
0,-9.4625,9.717999,14.345
0,-9.4625,10.933999,14.345
0.01344692,-9.4625,12.15,14.345
0.115402445,-9.4625,13.365999,14.345
0.17607656,-9.4625,14.581999,14.345
0.19381909,-9.4625,15.797999,14.345
0.16605459,-9.4625,17.014,14.345
0.12763552,-9.4625,18.23,14.345
0.09466036,-9.4625,19.446,14.345
0.0689213,-9.4625,20.661999,14.345
0.051535286,-9.4625,21.877998,14.345
0.04288941,-9.4625,23.094,14.345
0.04263344,-9.4625,24.31,14.345
0,-7.5699997,-0.010000229,14.345
0,-7.5699997,1.2059997,14.345
0,-7.5699997,2.4219997,14.345
0,-7.5699997,3.6379995,14.345
0,-7.5699997,4.8539996,14.345
0,-7.5699997,6.0699997,14.345
0,-7.5699997,7.2859993,14.345
0,-7.5699997,8.502,14.345
0,-7.5699997,9.717999,14.345
0,-7.5699997,10.933999,14.345
0,-7.5699997,12.15,14.345
0,-7.5699997,13.365999,14.345
0.022392806,-7.5699997,14.581999,14.345
0.08436652,-7.5699997,15.797999,14.345
0.10473751,-7.5699997,17.014,14.345
0.121835105,-7.5699997,18.23,14.345
0.14744768,-7.5699997,19.446,14.345
0.17780928,-7.5699997,20.661999,14.345
0.2097066,-7.5699997,21.877998,14.345
0.24058083,-7.5699997,23.094,14.345
0.2685513,-7.5699997,24.31,14.345
0,-5.6775,-0.010000229,14.345
0,-5.6775,1.2059997,14.345
0,-5.6775,2.4219997,14.345
0,-5.6775,3.6379995,14.345
0,-5.6775,4.8539996,14.345
0,-5.6775,6.0699997,14.345
0,-5.6775,7.2859993,14.345
0,-5.6775,8.502,14.345
0,-5.6775,9.717999,14.345
0,-5.6775,10.933999,14.345
0,-5.6775,12.15,14.345
0,-5.6775,13.365999,14.345
0,-5.6775,14.581999,14.345
0,-5.6775,15.797999,14.345
0.029283324,-5.6775,17.014,14.345
0.10234074,-5.6775,18.23,14.345
0.18050672,-5.6775,19.446,14.345
0.2544526,-5.6775,20.661999,14.345
0.31792757,-5.6775,21.877998,14.345
0.36790508,-5.6775,23.094,14.345
0.40413046,-5.6775,24.31,14.345
0,-3.7849998,-0.010000229,14.345
0,-3.7849998,1.2059997,14.345
0,-3.7849998,2.4219997,14.345
0,-3.7849998,3.6379995,14.345
0,-3.7849998,4.8539996,14.345
0,-3.7849998,6.0699997,14.345
0,-3.7849998,7.2859993,14.345
0,-3.7849998,8.502,14.345
0,-3.7849998,9.717999,14.345
0,-3.7849998,10.933999,14.345
0,-3.7849998,12.15,14.345
0,-3.7849998,13.365999,14.345
0,-3.7849998,14.581999,14.345
0,-3.7849998,15.797999,14.345
0,-3.7849998,17.014,14.345
0.09883654,-3.7849998,18.23,14.345
0.21640241,-3.7849998,19.446,14.345
0.3166549,-3.7849998,20.661999,14.345
0.39194825,-3.7849998,21.877998,14.345
0.44147334,-3.7849998,23.094,14.345
0.46959203,-3.7849998,24.31,14.345
0,-1.8924999,-0.010000229,14.345
0,-1.8924999,1.2059997,14.345
0,-1.8924999,2.4219997,14.345
0,-1.8924999,3.6379995,14.345
0,-1.8924999,4.8539996,14.345
0,-1.8924999,6.0699997,14.345
0,-1.8924999,7.2859993,14.345
0,-1.8924999,8.502,14.345
0,-1.8924999,9.717999,14.345
0,-1.8924999,10.933999,14.345
0,-1.8924999,12.15,14.345
0,-1.8924999,13.365999,14.345
0,-1.8924999,14.581999,14.345
0,-1.8924999,15.797999,14.345
0,-1.8924999,17.014,14.345
0.14566913,-1.8924999,18.23,14.345
0.27801287,-1.8924999,19.446,14.345
0.38004896,-1.8924999,20.661999,14.345
0.44602746,-1.8924999,21.877998,14.345
0.47995123,-1.8924999,23.094,14.345
0.49196047,-1.8924999,24.31,14.345
0,0,-0.010000229,14.345
0,0,1.2059997,14.345
0,0,2.4219997,14.345
0,0,3.6379995,14.345
0,0,4.8539996,14.345
0,0,6.0699997,14.345
0,0,7.2859993,14.345
0,0,8.502,14.345
0,0,9.717999,14.345
0,0,10.933999,14.345
0,0,12.15,14.345
0,0,13.365999,14.345
0,0,14.581999,14.345
0,0,15.797999,14.345
0.13478135,0,17.014,14.345
0.26950982,0,18.23,14.345
0.3782455,0,19.446,14.345
0.44971168,0,20.661999,14.345
0.48475945,0,21.877998,14.345
0.49350047,0,23.094,14.345
0.49350223,0,24.31,14.345
0,1.8924999,-0.010000229,14.345
0,1.8924999,1.2059997,14.345
0,1.8924999,2.4219997,14.345
0,1.8924999,3.6379995,14.345
0,1.8924999,4.8539996,14.345
0,1.8924999,6.0699997,14.345
0,1.8924999,7.2859993,14.345
0,1.8924999,8.502,14.345
0,1.8924999,9.717999,14.345
0,1.8924999,10.933999,14.345
0,1.8924999,12.15,14.345
0,1.8924999,13.365999,14.345
0.01979316,1.8924999,14.581999,14.345
0.18334833,1.8924999,15.797999,14.345
0.30516776,1.8924999,17.014,14.345
0.3994345,1.8924999,18.23,14.345
0.46210638,1.8924999,19.446,14.345
0.49022663,1.8924999,20.661999,14.345
0.49350223,1.8924999,21.877998,14.345
0.49350223,1.8924999,23.094,14.345
0.49350223,1.8924999,24.31,14.345
0,3.7849998,-0.010000229,14.345
0,3.7849998,1.2059997,14.345
0,3.7849998,2.4219997,14.345
0,3.7849998,3.6379995,14.345
0,3.7849998,4.8539996,14.345
0,3.7849998,6.0699997,14.345
0,3.7849998,7.2859993,14.345
0,3.7849998,8.502,14.345
0,3.7849998,9.717999,14.345
0,3.7849998,10.933999,14.345
0,3.7849998,12.15,14.345
0.008922375,3.7849998,13.365999,14.345
0.18415795,3.7849998,14.581999,14.345
0.3192158,3.7849998,15.797999,14.345
0.40620384,3.7849998,17.014,14.345
0.46322507,3.7849998,18.23,14.345
0.49061307,3.7849998,19.446,14.345
0.49350223,3.7849998,20.661999,14.345
0.49350223,3.7849998,21.877998,14.345
0.49350223,3.7849998,23.094,14.345
0.49350223,3.7849998,24.31,14.345
0,5.6775,-0.010000229,14.345
0,5.6775,1.2059997,14.345
0,5.6775,2.4219997,14.345
0,5.6775,3.6379995,14.345
0,5.6775,4.8539996,14.345
0,5.6775,6.0699997,14.345
0,5.6775,7.2859993,14.345
0,5.6775,8.502,14.345
0,5.6775,9.717999,14.345
0,5.6775,10.933999,14.345
0,5.6775,12.15,14.345
0.119692765,5.6775,13.365999,14.345
0.27819732,5.6775,14.581999,14.345
0.3875936,5.6775,15.797999,14.345
0.44839785,5.6775,17.014,14.345
0.48292848,5.6775,18.23,14.345
0.49350223,5.6775,19.446,14.345
0.49350223,5.6775,20.661999,14.345
0.49350223,5.6775,21.877998,14.345
0.49350223,5.6775,23.094,14.345
0.49350223,5.6775,24.31,14.345
0,7.5699997,-0.010000229,14.345
0,7.5699997,1.2059997,14.345
0,7.5699997,2.4219997,14.345
0,7.5699997,3.6379995,14.345
0,7.5699997,4.8539996,14.345
0,7.5699997,6.0699997,14.345
0,7.5699997,7.2859993,14.345
0,7.5699997,8.502,14.345
0,7.5699997,9.717999,14.345
0,7.5699997,10.933999,14.345
0,7.5699997,12.15,14.345
0.16374071,7.5699997,13.365999,14.345
0.31041583,7.5699997,14.581999,14.345
0.40507156,7.5699997,15.797999,14.345
0.45368257,7.5699997,17.014,14.345
0.4823311,7.5699997,18.23,14.345
0.4933724,7.5699997,19.446,14.345
0.49350223,7.5699997,20.661999,14.345
0.49350223,7.5699997,21.877998,14.345
0.49350223,7.5699997,23.094,14.345
0.49350223,7.5699997,24.31,14.345
0,9.4625,-0.010000229,14.345
0,9.4625,1.2059997,14.345
0,9.4625,2.4219997,14.345
0,9.4625,3.6379995,14.345
0,9.4625,4.8539996,14.345
0,9.4625,6.0699997,14.345
0,9.4625,7.2859993,14.345
0,9.4625,8.502,14.345
0,9.4625,9.717999,14.345
0,9.4625,10.933999,14.345
0,9.4625,12.15,14.345
0.15031156,9.4625,13.365999,14.345
0.29179326,9.4625,14.581999,14.345
0.38242355,9.4625,15.797999,14.345
0.42890647,9.4625,17.014,14.345
0.46211377,9.4625,18.23,14.345
0.48433217,9.4625,19.446,14.345
0.49307552,9.4625,20.661999,14.345
0.49350223,9.4625,21.877998,14.345
0.49350223,9.4625,23.094,14.345
0.49350223,9.4625,24.31,14.345
0,11.355,-0.010000229,14.345
0,11.355,1.2059997,14.345
0,11.355,2.4219997,14.345
0,11.355,3.6379995,14.345
0,11.355,4.8539996,14.345
0,11.355,6.0699997,14.345
0,11.355,7.2859993,14.345
0,11.355,8.502,14.345
0,11.355,9.717999,14.345
0,11.355,10.933999,14.345
0,11.355,12.15,14.345
0.0912279,11.355,13.365999,14.345
0.22946577,11.355,14.581999,14.345
0.31996968,11.355,15.797999,14.345
0.36650348,11.355,17.014,14.345
0.40646067,11.355,18.23,14.345
0.44296333,11.355,19.446,14.345
0.46911687,11.355,20.661999,14.345
0.48384726,11.355,21.877998,14.345
0.49007154,11.355,23.094,14.345
0.49171022,11.355,24.31,14.345
0,13.247501,-0.010000229,14.345
0,13.247501,1.2059997,14.345
0,13.247501,2.4219997,14.345
0,13.247501,3.6379995,14.345
0,13.247501,4.8539996,14.345
0,13.247501,6.0699997,14.345
0,13.247501,7.2859993,14.345
0,13.247501,8.502,14.345
0,13.247501,9.717999,14.345
0,13.247501,10.933999,14.345
0,13.247501,12.15,14.345
0.0074930773,13.247501,13.365999,14.345
0.13829306,13.247501,14.581999,14.345
0.22561651,13.247501,15.797999,14.345
0.26931202,13.247501,17.014,14.345
0.31307927,13.247501,18.23,14.345
0.3613267,13.247501,19.446,14.345
0.4035118,13.247501,20.661999,14.345
0.43441063,13.247501,21.877998,14.345
0.45329228,13.247501,23.094,14.345
0.46179575,13.247501,24.31,14.345
0,15.139999,-0.010000229,14.345
0,15.139999,1.2059997,14.345
0,15.139999,2.4219997,14.345
0,15.139999,3.6379995,14.345
0,15.139999,4.8539996,14.345
0,15.139999,6.0699997,14.345
0,15.139999,7.2859993,14.345
0,15.139999,8.502,14.345
0,15.139999,9.717999,14.345
0,15.139999,10.933999,14.345
0,15.139999,12.15,14.345
0,15.139999,13.365999,14.345
0.055572618,15.139999,14.581999,14.345
0.13504869,15.139999,15.797999,14.345
0.1736906,15.139999,17.014,14.345
0.21766503,15.139999,18.23,14.345
0.2718749,15.139999,19.446,14.345
0.32378903,15.139999,20.661999,14.345
0.36564252,15.139999,21.877998,14.345
0.39414603,15.139999,23.094,14.345
0.40893713,15.139999,24.31,14.345
0,17.032497,-0.010000229,14.345
0,17.032497,1.2059997,14.345
0,17.032497,2.4219997,14.345
0,17.032497,3.6379995,14.345
0,17.032497,4.8539996,14.345
0,17.032497,6.0699997,14.345
0,17.032497,7.2859993,14.345
0,17.032497,8.502,14.345
0,17.032497,9.717999,14.345
0,17.032497,10.933999,14.345
0,17.032497,12.15,14.345
0,17.032497,13.365999,14.345
0.03960133,17.032497,14.581999,14.345
0.11002235,17.032497,15.797999,14.345
0.14529628,17.032497,17.014,14.345
0.18728532,17.032497,18.23,14.345
0.23978962,17.032497,19.446,14.345
0.29051638,17.032497,20.661999,14.345
0.33158952,17.032497,21.877998,14.345
0.35919198,17.032497,23.094,14.345
0.37211448,17.032497,24.31,14.345
0,18.925,-0.010000229,14.345
0,18.925,1.2059997,14.345
0,18.925,2.4219997,14.345
0,18.925,3.6379995,14.345
0,18.925,4.8539996,14.345
0,18.925,6.0699997,14.345
0,18.925,7.2859993,14.345
0,18.925,8.502,14.345
0,18.925,9.717999,14.345
0,18.925,10.933999,14.345
0,18.925,12.15,14.345
0,18.925,13.365999,14.345
0.040900048,18.925,14.581999,14.345
0.0990892,18.925,15.797999,14.345
0.1310565,18.925,17.014,14.345
0.17008595,18.925,18.23,14.345
0.21778281,18.925,19.446,14.345
0.26292527,18.925,20.661999,14.345
0.29823375,18.925,21.877998,14.345
0.31980234,18.925,23.094,14.345
0.3257061,18.925,24.31,14.345
0,-18.925,-0.010000229,-16.145
0,-18.925,1.2059997,-16.145
0,-18.925,2.4219997,-16.145
0,-18.925,3.6379995,-16.145
0,-18.925,4.8539996,-16.145
0,-18.925,6.0699997,-16.145
0,-18.925,7.2859993,-16.145
0,-18.925,8.502,-16.145
0,-18.925,9.717999,-16.145
0,-18.925,10.933999,-16.145
0,-18.925,12.15,-16.145
0,-18.925,13.365999,-16.145
0,-18.925,14.581999,-16.145
0,-18.925,15.797999,-16.145
0,-18.925,17.014,-16.145
0,-18.925,18.23,-16.145
0,-18.925,19.446,-16.145
0,-18.925,20.661999,-16.145
0,-18.925,21.877998,-16.145
0,-18.925,23.094,-16.145
0.18685594,-18.925,24.31,-16.145
0,-17.0325,-0.010000229,-16.145
0,-17.0325,1.2059997,-16.145
0,-17.0325,2.4219997,-16.145
0,-17.0325,3.6379995,-16.145
0,-17.0325,4.8539996,-16.145
0,-17.0325,6.0699997,-16.145
0,-17.0325,7.2859993,-16.145
0,-17.0325,8.502,-16.145
0,-17.0325,9.717999,-16.145
0,-17.0325,10.933999,-16.145
0,-17.0325,12.15,-16.145
0,-17.0325,13.365999,-16.145
0,-17.0325,14.581999,-16.145
0,-17.0325,15.797999,-16.145
0,-17.0325,17.014,-16.145
0,-17.0325,18.23,-16.145
0,-17.0325,19.446,-16.145
0,-17.0325,20.661999,-16.145
0,-17.0325,21.877998,-16.145
0,-17.0325,23.094,-16.145
0.030513609,-17.0325,24.31,-16.145
0,-15.139999,-0.010000229,-16.145
0,-15.139999,1.2059997,-16.145
0,-15.139999,2.4219997,-16.145
0,-15.139999,3.6379995,-16.145
0,-15.139999,4.8539996,-16.145
0,-15.139999,6.0699997,-16.145
0,-15.139999,7.2859993,-16.145
0,-15.139999,8.502,-16.145
0,-15.139999,9.717999,-16.145
0,-15.139999,10.933999,-16.145
0,-15.139999,12.15,-16.145
0,-15.139999,13.365999,-16.145
0,-15.139999,14.581999,-16.145
0,-15.139999,15.797999,-16.145
0,-15.139999,17.014,-16.145
0,-15.139999,18.23,-16.145
0,-15.139999,19.446,-16.145
0,-15.139999,20.661999,-16.145
0,-15.139999,21.877998,-16.145
0,-15.139999,23.094,-16.145
0,-15.139999,24.31,-16.145
0,-13.247499,-0.010000229,-16.145
0,-13.247499,1.2059997,-16.145
0,-13.247499,2.4219997,-16.145
0,-13.247499,3.6379995,-16.145
0,-13.247499,4.8539996,-16.145
0,-13.247499,6.0699997,-16.145
0,-13.247499,7.2859993,-16.145
0,-13.247499,8.502,-16.145
0,-13.247499,9.717999,-16.145
0,-13.247499,10.933999,-16.145
0,-13.247499,12.15,-16.145
0,-13.247499,13.365999,-16.145
0,-13.247499,14.581999,-16.145
0,-13.247499,15.797999,-16.145
0,-13.247499,17.014,-16.145
0,-13.247499,18.23,-16.145
0,-13.247499,19.446,-16.145
0,-13.247499,20.661999,-16.145
0,-13.247499,21.877998,-16.145
0,-13.247499,23.094,-16.145
0,-13.247499,24.31,-16.145
0.24636313,-11.355,-0.010000229,-16.145
0.14561759,-11.355,1.2059997,-16.145
0,-11.355,2.4219997,-16.145
0,-11.355,3.6379995,-16.145
0,-11.355,4.8539996,-16.145
0,-11.355,6.0699997,-16.145
0,-11.355,7.2859993,-16.145
0,-11.355,8.502,-16.145
0,-11.355,9.717999,-16.145
0,-11.355,10.933999,-16.145
0,-11.355,12.15,-16.145
0,-11.355,13.365999,-16.145
0,-11.355,14.581999,-16.145
0,-11.355,15.797999,-16.145
0,-11.355,17.014,-16.145
0,-11.355,18.23,-16.145
0,-11.355,19.446,-16.145
0,-11.355,20.661999,-16.145
0,-11.355,21.877998,-16.145
0,-11.355,23.094,-16.145
0,-11.355,24.31,-16.145
0.42914775,-9.4625,-0.010000229,-16.145
0.3902088,-9.4625,1.2059997,-16.145
0.28564492,-9.4625,2.4219997,-16.145
0.096539445,-9.4625,3.6379995,-16.145
0,-9.4625,4.8539996,-16.145
0,-9.4625,6.0699997,-16.145
0,-9.4625,7.2859993,-16.145
0,-9.4625,8.502,-16.145
0,-9.4625,9.717999,-16.145
0,-9.4625,10.933999,-16.145
0,-9.4625,12.15,-16.145
0,-9.4625,13.365999,-16.145
0,-9.4625,14.581999,-16.145
0,-9.4625,15.797999,-16.145
0,-9.4625,17.014,-16.145
0,-9.4625,18.23,-16.145
0,-9.4625,19.446,-16.145
0,-9.4625,20.661999,-16.145
0,-9.4625,21.877998,-16.145
0,-9.4625,23.094,-16.145
0,-9.4625,24.31,-16.145
0.47871497,-7.5699997,-0.010000229,-16.145
0.47102267,-7.5699997,1.2059997,-16.145
0.42998686,-7.5699997,2.4219997,-16.145
0.32779446,-7.5699997,3.6379995,-16.145
0.14214186,-7.5699997,4.8539996,-16.145
0,-7.5699997,6.0699997,-16.145
0,-7.5699997,7.2859993,-16.145
0,-7.5699997,8.502,-16.145
0,-7.5699997,9.717999,-16.145
0,-7.5699997,10.933999,-16.145
0,-7.5699997,12.15,-16.145
0,-7.5699997,13.365999,-16.145
0,-7.5699997,14.581999,-16.145
0,-7.5699997,15.797999,-16.145
0,-7.5699997,17.014,-16.145
0,-7.5699997,18.23,-16.145
0,-7.5699997,19.446,-16.145
0,-7.5699997,20.661999,-16.145
0,-7.5699997,21.877998,-16.145
0,-7.5699997,23.094,-16.145
0,-7.5699997,24.31,-16.145
0.47383094,-5.6775,-0.010000229,-16.145
0.4779635,-5.6775,1.2059997,-16.145
0.46120533,-5.6775,2.4219997,-16.145
0.40762097,-5.6775,3.6379995,-16.145
0.29211324,-5.6775,4.8539996,-16.145
0.09792206,-5.6775,6.0699997,-16.145
0,-5.6775,7.2859993,-16.145
0,-5.6775,8.502,-16.145
0,-5.6775,9.717999,-16.145
0,-5.6775,10.933999,-16.145
0,-5.6775,12.15,-16.145
0,-5.6775,13.365999,-16.145
0,-5.6775,14.581999,-16.145
0,-5.6775,15.797999,-16.145
0,-5.6775,17.014,-16.145
0,-5.6775,18.23,-16.145
0,-5.6775,19.446,-16.145
0,-5.6775,20.661999,-16.145
0,-5.6775,21.877998,-16.145
0,-5.6775,23.094,-16.145
0,-5.6775,24.31,-16.145
0.40452486,-3.7849998,-0.010000229,-16.145
0.43319523,-3.7849998,1.2059997,-16.145
0.4297598,-3.7849998,2.4219997,-16.145
0.39432052,-3.7849998,3.6379995,-16.145
0.31349033,-3.7849998,4.8539996,-16.145
0.17071633,-3.7849998,6.0699997,-16.145
0,-3.7849998,7.2859993,-16.145
0,-3.7849998,8.502,-16.145
0,-3.7849998,9.717999,-16.145
0,-3.7849998,10.933999,-16.145
0,-3.7849998,12.15,-16.145
0,-3.7849998,13.365999,-16.145
0,-3.7849998,14.581999,-16.145
0,-3.7849998,15.797999,-16.145
0,-3.7849998,17.014,-16.145
0,-3.7849998,18.23,-16.145
0,-3.7849998,19.446,-16.145
0,-3.7849998,20.661999,-16.145
0,-3.7849998,21.877998,-16.145
0,-3.7849998,23.094,-16.145
0,-3.7849998,24.31,-16.145
0.20377825,-1.8924999,-0.010000229,-16.145
0.27763405,-1.8924999,1.2059997,-16.145
0.3031551,-1.8924999,2.4219997,-16.145
0.28613555,-1.8924999,3.6379995,-16.145
0.22393158,-1.8924999,4.8539996,-16.145
0.10831931,-1.8924999,6.0699997,-16.145
0,-1.8924999,7.2859993,-16.145
0,-1.8924999,8.502,-16.145
0,-1.8924999,9.717999,-16.145
0,-1.8924999,10.933999,-16.145
0,-1.8924999,12.15,-16.145
0,-1.8924999,13.365999,-16.145
0,-1.8924999,14.581999,-16.145
0,-1.8924999,15.797999,-16.145
0,-1.8924999,17.014,-16.145
0,-1.8924999,18.23,-16.145
0,-1.8924999,19.446,-16.145
0,-1.8924999,20.661999,-16.145
0,-1.8924999,21.877998,-16.145
0,-1.8924999,23.094,-16.145
0,-1.8924999,24.31,-16.145
0,0,-0.010000229,-16.145
0,0,1.2059997,-16.145
0.054535165,0,2.4219997,-16.145
0.057575885,0,3.6379995,-16.145
0.008172901,0,4.8539996,-16.145
0,0,6.0699997,-16.145
0,0,7.2859993,-16.145
0,0,8.502,-16.145
0,0,9.717999,-16.145
0,0,10.933999,-16.145
0,0,12.15,-16.145
0,0,13.365999,-16.145
0,0,14.581999,-16.145
0,0,15.797999,-16.145
0,0,17.014,-16.145
0,0,18.23,-16.145
0,0,19.446,-16.145
0,0,20.661999,-16.145
0,0,21.877998,-16.145
0,0,23.094,-16.145
0,0,24.31,-16.145
0,1.8924999,-0.010000229,-16.145
0,1.8924999,1.2059997,-16.145
0,1.8924999,2.4219997,-16.145
0,1.8924999,3.6379995,-16.145
0,1.8924999,4.8539996,-16.145
0,1.8924999,6.0699997,-16.145
0,1.8924999,7.2859993,-16.145
0,1.8924999,8.502,-16.145
0,1.8924999,9.717999,-16.145
0,1.8924999,10.933999,-16.145
0,1.8924999,12.15,-16.145
0,1.8924999,13.365999,-16.145
0,1.8924999,14.581999,-16.145
0,1.8924999,15.797999,-16.145
0,1.8924999,17.014,-16.145
0,1.8924999,18.23,-16.145
0,1.8924999,19.446,-16.145
0,1.8924999,20.661999,-16.145
0,1.8924999,21.877998,-16.145
0,1.8924999,23.094,-16.145
0,1.8924999,24.31,-16.145
0,3.7849998,-0.010000229,-16.145
0,3.7849998,1.2059997,-16.145
0,3.7849998,2.4219997,-16.145
0,3.7849998,3.6379995,-16.145
0,3.7849998,4.8539996,-16.145
0,3.7849998,6.0699997,-16.145
0,3.7849998,7.2859993,-16.145
0,3.7849998,8.502,-16.145
0,3.7849998,9.717999,-16.145
0,3.7849998,10.933999,-16.145
0,3.7849998,12.15,-16.145
0,3.7849998,13.365999,-16.145
0,3.7849998,14.581999,-16.145
0,3.7849998,15.797999,-16.145
0,3.7849998,17.014,-16.145
0,3.7849998,18.23,-16.145
0,3.7849998,19.446,-16.145
0,3.7849998,20.661999,-16.145
0,3.7849998,21.877998,-16.145
0,3.7849998,23.094,-16.145
0,3.7849998,24.31,-16.145
0,5.6775,-0.010000229,-16.145
0,5.6775,1.2059997,-16.145
0,5.6775,2.4219997,-16.145
0,5.6775,3.6379995,-16.145
0,5.6775,4.8539996,-16.145
0,5.6775,6.0699997,-16.145
0,5.6775,7.2859993,-16.145
0,5.6775,8.502,-16.145
0,5.6775,9.717999,-16.145
0,5.6775,10.933999,-16.145
0,5.6775,12.15,-16.145
0,5.6775,13.365999,-16.145
0,5.6775,14.581999,-16.145
0,5.6775,15.797999,-16.145
0,5.6775,17.014,-16.145
0,5.6775,18.23,-16.145
0,5.6775,19.446,-16.145
0,5.6775,20.661999,-16.145
0,5.6775,21.877998,-16.145
0,5.6775,23.094,-16.145
0,5.6775,24.31,-16.145
0,7.5699997,-0.010000229,-16.145
0,7.5699997,1.2059997,-16.145
0,7.5699997,2.4219997,-16.145
0,7.5699997,3.6379995,-16.145
0,7.5699997,4.8539996,-16.145
0,7.5699997,6.0699997,-16.145
0,7.5699997,7.2859993,-16.145
0,7.5699997,8.502,-16.145
0,7.5699997,9.717999,-16.145
0,7.5699997,10.933999,-16.145
0,7.5699997,12.15,-16.145
0,7.5699997,13.365999,-16.145
0,7.5699997,14.581999,-16.145
0,7.5699997,15.797999,-16.145
0,7.5699997,17.014,-16.145
0,7.5699997,18.23,-16.145
0,7.5699997,19.446,-16.145
0,7.5699997,20.661999,-16.145
0,7.5699997,21.877998,-16.145
0,7.5699997,23.094,-16.145
0,7.5699997,24.31,-16.145
0,9.4625,-0.010000229,-16.145
0,9.4625,1.2059997,-16.145
0,9.4625,2.4219997,-16.145
0,9.4625,3.6379995,-16.145
0,9.4625,4.8539996,-16.145
0,9.4625,6.0699997,-16.145
0,9.4625,7.2859993,-16.145
0,9.4625,8.502,-16.145
0,9.4625,9.717999,-16.145
0,9.4625,10.933999,-16.145
0,9.4625,12.15,-16.145
0,9.4625,13.365999,-16.145
0,9.4625,14.581999,-16.145
0,9.4625,15.797999,-16.145
0,9.4625,17.014,-16.145
0,9.4625,18.23,-16.145
0,9.4625,19.446,-16.145
0,9.4625,20.661999,-16.145
0,9.4625,21.877998,-16.145
0,9.4625,23.094,-16.145
0,9.4625,24.31,-16.145
0,11.355,-0.010000229,-16.145
0,11.355,1.2059997,-16.145
0,11.355,2.4219997,-16.145
0,11.355,3.6379995,-16.145
0,11.355,4.8539996,-16.145
0,11.355,6.0699997,-16.145
0,11.355,7.2859993,-16.145
0,11.355,8.502,-16.145
0,11.355,9.717999,-16.145
0,11.355,10.933999,-16.145
0,11.355,12.15,-16.145
0,11.355,13.365999,-16.145
0,11.355,14.581999,-16.145
0,11.355,15.797999,-16.145
0,11.355,17.014,-16.145
0,11.355,18.23,-16.145
0,11.355,19.446,-16.145
0,11.355,20.661999,-16.145
0,11.355,21.877998,-16.145
0,11.355,23.094,-16.145
0,11.355,24.31,-16.145
0,13.247501,-0.010000229,-16.145
0,13.247501,1.2059997,-16.145
0,13.247501,2.4219997,-16.145
0,13.247501,3.6379995,-16.145
0,13.247501,4.8539996,-16.145
0,13.247501,6.0699997,-16.145
0,13.247501,7.2859993,-16.145
0,13.247501,8.502,-16.145
0,13.247501,9.717999,-16.145
0,13.247501,10.933999,-16.145
0,13.247501,12.15,-16.145
0,13.247501,13.365999,-16.145
0,13.247501,14.581999,-16.145
0,13.247501,15.797999,-16.145
0,13.247501,17.014,-16.145
0,13.247501,18.23,-16.145
0,13.247501,19.446,-16.145
0,13.247501,20.661999,-16.145
0,13.247501,21.877998,-16.145
0,13.247501,23.094,-16.145
0,13.247501,24.31,-16.145
0,15.139999,-0.010000229,-16.145
0,15.139999,1.2059997,-16.145
0,15.139999,2.4219997,-16.145
0,15.139999,3.6379995,-16.145
0,15.139999,4.8539996,-16.145
0,15.139999,6.0699997,-16.145
0,15.139999,7.2859993,-16.145
0,15.139999,8.502,-16.145
0,15.139999,9.717999,-16.145
0,15.139999,10.933999,-16.145
0,15.139999,12.15,-16.145
0,15.139999,13.365999,-16.145
0,15.139999,14.581999,-16.145
0,15.139999,15.797999,-16.145
0,15.139999,17.014,-16.145
0,15.139999,18.23,-16.145
0,15.139999,19.446,-16.145
0,15.139999,20.661999,-16.145
0,15.139999,21.877998,-16.145
0,15.139999,23.094,-16.145
0,15.139999,24.31,-16.145
0,17.032497,-0.010000229,-16.145
0,17.032497,1.2059997,-16.145
0,17.032497,2.4219997,-16.145
0,17.032497,3.6379995,-16.145
0,17.032497,4.8539996,-16.145
0,17.032497,6.0699997,-16.145
0,17.032497,7.2859993,-16.145
0,17.032497,8.502,-16.145
0,17.032497,9.717999,-16.145
0,17.032497,10.933999,-16.145
0,17.032497,12.15,-16.145
0,17.032497,13.365999,-16.145
0,17.032497,14.581999,-16.145
0,17.032497,15.797999,-16.145
0,17.032497,17.014,-16.145
0,17.032497,18.23,-16.145
0,17.032497,19.446,-16.145
0,17.032497,20.661999,-16.145
0,17.032497,21.877998,-16.145
0,17.032497,23.094,-16.145
0,17.032497,24.31,-16.145
0,18.925,-0.010000229,-16.145
0,18.925,1.2059997,-16.145
0,18.925,2.4219997,-16.145
0,18.925,3.6379995,-16.145
0,18.925,4.8539996,-16.145
0,18.925,6.0699997,-16.145
0,18.925,7.2859993,-16.145
0,18.925,8.502,-16.145
0,18.925,9.717999,-16.145
0,18.925,10.933999,-16.145
0,18.925,12.15,-16.145
0,18.925,13.365999,-16.145
0,18.925,14.581999,-16.145
0,18.925,15.797999,-16.145
0,18.925,17.014,-16.145
0,18.925,18.23,-16.145
0,18.925,19.446,-16.145
0,18.925,20.661999,-16.145
0,18.925,21.877998,-16.145
0,18.925,23.094,-16.145
0,18.925,24.31,-16.145
